Workbook

Sheet 人工评分
A1: python3 scripts/run_llm_planner.py --normalize-raw runs/pilot_v0.1/raw/GPT-5.5-Thinking__canonical_v0.1__answers_public.jsonl --overwrite | B1: 难度 | C1: 领域 | D1: 任务类型 | E1: PDE/系统 | F1: 题面英文 | G1: 题面中文 | H1: 评价角度 | I1: 评价角度英文 | J1: 模型 | K1: 模型原名 | L1: 模型回答英文 | M1: 模型回答中文 | N1: 参考答案/要点 | O1: 你的评分 | P1: 错误标签 | Q1: 备注
B2: 简单 | C2: heat_transfer | D2: forward_pde_solving | E2: 1D heat equation | F2: A researcher wants to model heat diffusion along a one-dimensional rod over a fixed time interval. The thermal diffusivity is known, the initial temperature profile is provided, and both ends of the rod are held at prescribed fixed temperatures. Design a physics-informed modeling workflow to approximate the temperature field. | G2: 一位研究者希望在一个固定时间区间内，对一维杆中的热扩散过程进行建模。热扩散系数已知，初始温度分布已给出，杆的两端保持在给定的固定温度。请设计一个物理信息建模工作流，用于近似温度场。 | H2: 问题形式化 | I2: Problem Formalization | J2: DeepSeek-V4-Flash | K2: deepseek-ai/DeepSeek-V4-Flash | L2: The problem is to approximate the temperature field u(x,t) on a 1D rod of length L over time interval [0,T]. The governing PDE is the heat equation: u_t = α u_xx, where α is the known thermal diffusivity. Initial condition: u(x,0) = f(x) (provided). Boundary conditions: u(0,t) = g0(t), u(L,t) = gL(t) (prescribed fixed temperatures, i.e., Dirichlet conditions). The geometry (L) and time interval (T) are not specified; they must be provided to define the domain. | M2: 问题是在一个长度为L的1D棒上沿时间间隔[0，t]近似温度场u（x,t）。控制偏微分方程是热方程：u_t = α u_xx，其中α是已知的热扩散系数。初始条件：u(x,0) = f(x)（给定）。边界条件：u(0,t) = g0(t), u(L,t) = gL(t)（规定的固定温度，即狄利克雷条件）。几何形状(L)和时间间隔(T)未指定；必须提供它们来定义域。 | N2: 变量: x；t；u(x,t) || 已知参数: alpha = 1.0 || 未知量: u(x,t) || 区域/时间: space: x in [0,1]；time: t in [0,1] || 参数取值: alpha: 1.0 | O2: 4
A3: easy_heat_1d_dirichlet_001 | B3: 简单 | C3: heat_transfer | D3: forward_pde_solving | E3: 1D heat equation | F3: A researcher wants to model heat diffusion along a one-dimensional rod over a fixed time interval. The thermal diffusivity is known, the initial temperature profile is provided, and both ends of the rod are held at prescribed fixed temperatures. Design a physics-informed modeling workflow to approximate the temperature field. | G3: 一位研究者希望在一个固定时间区间内，对一维杆中的热扩散过程进行建模。热扩散系数已知，初始温度分布已给出，杆的两端保持在给定的固定温度。请设计一个物理信息建模工作流，用于近似温度场。 | H3: 问题形式化 | I3: Problem Formalization | J3: GPT-5.5-Thinking | K3: Open-ai/GPT-5.5-Thinking | L3: Define a one-dimensional rod domain x in [0,L] and time interval t in [0,T]. The unknown is the temperature field u(x,t), governed by u_t = alpha u_xx. The initial temperature profile u(x,0)=u0(x) is known, and both end temperatures are prescribed as Dirichlet data. The numerical values of L, T, alpha, u0(x), and the two boundary temperature functions or constants must be supplied as inputs rather than invented. | N3: 变量: x；t；u(x,t) || 已知参数: alpha = 1.0 || 未知量: u(x,t) || 区域/时间: space: x in [0,1]；time: t in [0,1] || 参数取值: alpha: 1.0 | O3: 4
A4: easy_heat_1d_dirichlet_001 | B4: 简单 | C4: heat_transfer | D4: forward_pde_solving | E4: 1D heat equation | F4: A researcher wants to model heat diffusion along a one-dimensional rod over a fixed time interval. The thermal diffusivity is known, the initial temperature profile is provided, and both ends of the rod are held at prescribed fixed temperatures. Design a physics-informed modeling workflow to approximate the temperature field. | G4: 一位研究者希望在一个固定时间区间内，对一维杆中的热扩散过程进行建模。热扩散系数已知，初始温度分布已给出，杆的两端保持在给定的固定温度。请设计一个物理信息建模工作流，用于近似温度场。 | H4: 问题形式化 | I4: Problem Formalization | J4: Kimi-K2.6 | K4: Pro/moonshotai/Kimi-K2.6 | L4: The task is to approximate the temperature field u(x,t) governed by the one-dimensional heat equation u_t = alpha * u_xx on a spatial domain (0,L) and time interval (0,T). The thermal diffusivity alpha is known, the initial profile u(x,0)=u_0(x) is provided, and both ends satisfy Dirichlet conditions u(0,t)=g_0(t) and u(L,t)=g_L(t). While the IC, BCs, and diffusivity are specified, the rod length L and final time T are implied geometry/time-horizon parameters that must be explicitly defined to construct the computational domain. The goal is a forward surrogate for u(x,t) over the full space-time cylinder. | M4: 任务是求解由一维热方程 u_t = alpha * u_xx 描述的温度场 u(x,t)，其空间域为 (0,L) ，时间区间为 (0,T) 。热扩散系数 alpha 已知，初始状态 u(x，0) = u_0(x) 已给出，两端满足狄利克雷条件 u(0,t) = g_0(t) 和 u(L,t) = g_L(t) 。虽然已指定了初始条件、边界条件和扩散系数，但杆的长度 L 和最终时间 T 作为几何/时间范围参数隐含存在，必须明确界定以构建计算域。目标是在整个时空圆柱体上获得 u(x,t) 的正向近似值。 | N4: 变量: x；t；u(x,t) || 已知参数: alpha = 1.0 || 未知量: u(x,t) || 区域/时间: space: x in [0,1]；time: t in [0,1] || 参数取值: alpha: 1.0 | O4: 5
A5: easy_heat_1d_dirichlet_001 | B5: 简单 | C5: heat_transfer | D5: forward_pde_solving | E5: 1D heat equation | F5: A researcher wants to model heat diffusion along a one-dimensional rod over a fixed time interval. The thermal diffusivity is known, the initial temperature profile is provided, and both ends of the rod are held at prescribed fixed temperatures. Design a physics-informed modeling workflow to approximate the temperature field. | G5: 一位研究者希望在一个固定时间区间内，对一维杆中的热扩散过程进行建模。热扩散系数已知，初始温度分布已给出，杆的两端保持在给定的固定温度。请设计一个物理信息建模工作流，用于近似温度场。 | H5: 问题形式化 | I5: Problem Formalization | J5: GLM-4.7 | K5: Pro/zai-org/GLM-4.7 | L5: Define the spatial domain $x \in [0, L]$ and temporal domain $t \in [0, T]$. The objective is to approximate the temperature field $u(x,t)$ governed by the heat equation $\frac{\partial u}{\partial t} = \alpha \frac{\partial^2 u}{\partial x^2}$. The initial condition is $u(x, 0) = f(x)$ and Dirichlet boundary conditions are $u(0, t) = u_{left}$ and $u(L, t) = u_{right}$. Specific values for $L, T, \alpha, f(x), u_{left}, u_{right}$ are treated as known inputs. | M5: 定义空间域为 $x \in [0, L]$，时间域为 $t \in [0， T]$。目标是近似由热方程 $\frac{\partial u}{\partial t} = \alpha \frac{\partial^2 u}{\partial x^2}$ 所描述的温度场 $u(x,t)$。初始条件为 $u(x， 0) = f(x)$，而 Dirichlet 边界条件为 $u(0, t) = u_{left}$ 和 $u(L， t) = u_{right}$。$L， T， \alpha， f(x)， u_{left}， u_{right}$ 的具体数值被视为已知输入。 | N5: 变量: x；t；u(x,t) || 已知参数: alpha = 1.0 || 未知量: u(x,t) || 区域/时间: space: x in [0,1]；time: t in [0,1] || 参数取值: alpha: 1.0 | O5: 3
A6: easy_heat_1d_dirichlet_001 | B6: 简单 | C6: heat_transfer | D6: forward_pde_solving | E6: 1D heat equation | F6: A researcher wants to model heat diffusion along a one-dimensional rod over a fixed time interval. The thermal diffusivity is known, the initial temperature profile is provided, and both ends of the rod are held at prescribed fixed temperatures. Design a physics-informed modeling workflow to approximate the temperature field. | G6: 一位研究者希望在一个固定时间区间内，对一维杆中的热扩散过程进行建模。热扩散系数已知，初始温度分布已给出，杆的两端保持在给定的固定温度。请设计一个物理信息建模工作流，用于近似温度场。 | H6: 物理约束 | I6: Physics Constraints | J6: DeepSeek-V4-Flash | K6: deepseek-ai/DeepSeek-V4-Flash | L6: The solution must satisfy the heat equation (PDE residual ≈ 0), the initial condition (IC residual ≈ 0 at t=0), and the Dirichlet boundary conditions (BC residuals ≈ 0 at x=0 and x=L). These constraints are enforced as soft penalties in the loss function. No additional constraints (e.g., flux continuity) are needed. | M6: 该解决方案必须满足热方程（偏微分方程残差 ≈ 0）、初始条件（在 t = 0 时 IC 残差 ≈ 0）以及狄利克雷边界条件（在 x = 0 和 x = L 处 BC 残差 ≈ 0）。这些约束条件作为软性惩罚项纳入损失函数中。无需其他约束条件（例如通量连续性）。 | N6: 标准PDE: u_t = alpha * u_xx, with alpha = 1.0 || 约束: initial_condition: u(x,0) is given; suggested execution-validation IC: u(x,0)=sin(pi*x)；boundary_conditions: u(0,t)=0；u(1,t)=0 || 参考条件: initial: u(x,0)=sin(pi*x)；boundary: u(0,t)=0；u(1,t)=0 | O6: 3
A7: easy_heat_1d_dirichlet_001 | B7: 简单 | C7: heat_transfer | D7: forward_pde_solving | E7: 1D heat equation | F7: A researcher wants to model heat diffusion along a one-dimensional rod over a fixed time interval. The thermal diffusivity is known, the initial temperature profile is provided, and both ends of the rod are held at prescribed fixed temperatures. Design a physics-informed modeling workflow to approximate the temperature field. | G7: 一位研究者希望在一个固定时间区间内，对一维杆中的热扩散过程进行建模。热扩散系数已知，初始温度分布已给出，杆的两端保持在给定的固定温度。请设计一个物理信息建模工作流，用于近似温度场。 | H7: 物理约束 | I7: Physics Constraints | J7: GPT-5.5-Thinking | K7: Open-ai/GPT-5.5-Thinking | L7: Enforce the heat-equation residual r(x,t)=u_t-alpha u_xx=0 in the interior. Enforce the initial condition u(x,0)=u0(x) and boundary conditions u(0,t)=g_L(t), u(L,t)=g_R(t). The workflow assumes constant diffusivity and no internal heat source; if alpha varies with temperature or position, or if a heat source exists, the PDE constraint must be changed accordingly. | N7: 标准PDE: u_t = alpha * u_xx, with alpha = 1.0 || 约束: initial_condition: u(x,0) is given; suggested execution-validation IC: u(x,0)=sin(pi*x)；boundary_conditions: u(0,t)=0；u(1,t)=0 || 参考条件: initial: u(x,0)=sin(pi*x)；boundary: u(0,t)=0；u(1,t)=0 | O7: 4
A8: easy_heat_1d_dirichlet_001 | B8: 简单 | C8: heat_transfer | D8: forward_pde_solving | E8: 1D heat equation | F8: A researcher wants to model heat diffusion along a one-dimensional rod over a fixed time interval. The thermal diffusivity is known, the initial temperature profile is provided, and both ends of the rod are held at prescribed fixed temperatures. Design a physics-informed modeling workflow to approximate the temperature field. | G8: 一位研究者希望在一个固定时间区间内，对一维杆中的热扩散过程进行建模。热扩散系数已知，初始温度分布已给出，杆的两端保持在给定的固定温度。请设计一个物理信息建模工作流，用于近似温度场。 | H8: 物理约束 | I8: Physics Constraints | J8: Kimi-K2.6 | K8: Pro/moonshotai/Kimi-K2.6 | L8: The model must satisfy: (1) PDE residual u_t - alpha*u_xx = 0 in the interior; (2) initial condition u(x,0)=u_0(x); (3) Dirichlet boundary conditions u(0,t)=g_0(t) and u(L,t)=g_L(t). A critical unstated condition is compatibility at the space-time corners: if u_0(0) != g_0(0) or u_0(L) != g_L(0), the solution loses initial temporal regularity, producing a singular layer at t=0 that complicates gradient-based training. The maximum principle and energy decay provide physical sanity checks but are not enforced automatically by the network. | M8: 该模型必须满足以下条件：（1）在内部区域，偏微分方程残差 u_t - α*u_xx = 0；（2）初始条件 u(x,0) = u_0(x)；（3）狄利克雷边界条件 u(0,t) = g_0(t) 和 u(L,t) = g_L(t)。一个关键但未明确说明的条件是空间-时间角点的兼容性：如果 u_0(0) != g_0(0) 或 u_0(L) != g_L(0)，则解会失去初始时间的光滑性，从而在 t=0 时产生一个奇异层，这会使得基于梯度的训练变得复杂。最大原理和能量衰减提供了物理合理性检查，但网络不会自动执行这些条件。 | N8: 标准PDE: u_t = alpha * u_xx, with alpha = 1.0 || 约束: initial_condition: u(x,0) is given; suggested execution-validation IC: u(x,0)=sin(pi*x)；boundary_conditions: u(0,t)=0；u(1,t)=0 || 参考条件: initial: u(x,0)=sin(pi*x)；boundary: u(0,t)=0；u(1,t)=0 | O8: 5
A9: easy_heat_1d_dirichlet_001 | B9: 简单 | C9: heat_transfer | D9: forward_pde_solving | E9: 1D heat equation | F9: A researcher wants to model heat diffusion along a one-dimensional rod over a fixed time interval. The thermal diffusivity is known, the initial temperature profile is provided, and both ends of the rod are held at prescribed fixed temperatures. Design a physics-informed modeling workflow to approximate the temperature field. | G9: 一位研究者希望在一个固定时间区间内，对一维杆中的热扩散过程进行建模。热扩散系数已知，初始温度分布已给出，杆的两端保持在给定的固定温度。请设计一个物理信息建模工作流，用于近似温度场。 | H9: 物理约束 | I9: Physics Constraints | J9: GLM-4.7 | K9: Pro/zai-org/GLM-4.7 | L9: The model must satisfy the heat equation residual $r = \frac{\partial u}{\partial t} - \alpha \frac{\partial^2 u}{\partial x^2} \approx 0$ throughout the domain. It must strictly adhere to the initial condition $u(x, 0) = f(x)$ and the boundary conditions $u(0, t) = u_{left}$, $u(L, t) = u_{right}$. | M9: 该模型在整个区域内必须满足热方程的残差条件 $r = \frac{\partial u}{\partial t} - \alpha \frac{\partial^2 u}{\partial x^2} \approx 0$ 。 | N9: 标准PDE: u_t = alpha * u_xx, with alpha = 1.0 || 约束: initial_condition: u(x,0) is given; suggested execution-validation IC: u(x,0)=sin(pi*x)；boundary_conditions: u(0,t)=0；u(1,t)=0 || 参考条件: initial: u(x,0)=sin(pi*x)；boundary: u(0,t)=0；u(1,t)=0 | O9: 2
A10: easy_heat_1d_dirichlet_001 | B10: 简单 | C10: heat_transfer | D10: forward_pde_solving | E10: 1D heat equation | F10: A researcher wants to model heat diffusion along a one-dimensional rod over a fixed time interval. The thermal diffusivity is known, the initial temperature profile is provided, and both ends of the rod are held at prescribed fixed temperatures. Design a physics-informed modeling workflow to approximate the temperature field. | G10: 一位研究者希望在一个固定时间区间内，对一维杆中的热扩散过程进行建模。热扩散系数已知，初始温度分布已给出，杆的两端保持在给定的固定温度。请设计一个物理信息建模工作流，用于近似温度场。 | H10: 模型选择 | I10: Model Choice | J10: DeepSeek-V4-Flash | K10: deepseek-ai/DeepSeek-V4-Flash | L10: A physics-informed neural network (PINN) is appropriate. The neural network takes (x,t) as inputs and outputs u(x,t). It fits the PDE type (parabolic, linear) and available data (no observations, only known IC/BC). PINNs can handle irregular domains and are robust for forward problems with known parameters. The model should have a moderate number of layers (e.g., 4-6 hidden layers, 50-100 neurons each) with tanh activation for smooth solutions. | M10: 采用基于物理原理的神经网络（PINN）是合适的。该神经网络将（x，t）作为输入，并输出 u(x,t)。它能够适应 PDE 类型（抛物型、线性）以及可用的数据（没有观测值，只有已知的初始条件/边界条件）。PINN 可以处理不规则的区域，并且对于具有已知参数的正向问题具有鲁棒性。该模型应具有适度数量的层（例如，4 - 6 个隐藏层，每个层 50 - 100 个神经元），并使用 tanh 激活函数以获得平滑的解。 | N10: 可接受模型选择: PINN；physics-informed neural network | O10: 3
A11: easy_heat_1d_dirichlet_001 | B11: 简单 | C11: heat_transfer | D11: forward_pde_solving | E11: 1D heat equation | F11: A researcher wants to model heat diffusion along a one-dimensional rod over a fixed time interval. The thermal diffusivity is known, the initial temperature profile is provided, and both ends of the rod are held at prescribed fixed temperatures. Design a physics-informed modeling workflow to approximate the temperature field. | G11: 一位研究者希望在一个固定时间区间内，对一维杆中的热扩散过程进行建模。热扩散系数已知，初始温度分布已给出，杆的两端保持在给定的固定温度。请设计一个物理信息建模工作流，用于近似温度场。 | H11: 模型选择 | I11: Model Choice | J11: GPT-5.5-Thinking | K11: Open-ai/GPT-5.5-Thinking | L11: Use a coordinate-based PINN with inputs (x,t) and scalar output u_theta(x,t). A tanh MLP is appropriate because heat-equation solutions are typically smooth after diffusion and automatic differentiation can compute u_t and u_xx. Hard imposition of Dirichlet and initial data by a trial-solution transform is preferred when the boundary functions are simple; otherwise use soft penalty losses. | N11: 可接受模型选择: PINN；physics-informed neural network | O11: 4
A12: easy_heat_1d_dirichlet_001 | B12: 简单 | C12: heat_transfer | D12: forward_pde_solving | E12: 1D heat equation | F12: A researcher wants to model heat diffusion along a one-dimensional rod over a fixed time interval. The thermal diffusivity is known, the initial temperature profile is provided, and both ends of the rod are held at prescribed fixed temperatures. Design a physics-informed modeling workflow to approximate the temperature field. | G12: 一位研究者希望在一个固定时间区间内，对一维杆中的热扩散过程进行建模。热扩散系数已知，初始温度分布已给出，杆的两端保持在给定的固定温度。请设计一个物理信息建模工作流，用于近似温度场。 | H12: 模型选择 | I12: Model Choice | J12: Kimi-K2.6 | K12: Pro/moonshotai/Kimi-K2.6 | L12: Use a fully-connected Physics-Informed Neural Network (PINN) with tanh activations and 4-6 hidden layers of 32-64 neurons. Tanh is preferred because the heat equation produces smooth solutions without shocks. Hard-enforce the Dirichlet BCs via an output transform, e.g., u_pred(x,t) = (1-x/L)*g_0(t) + (x/L)*g_L(t) + x*(L-x)*NN(x,t), so the network learns only the homogeneous correction and boundary drift is eliminated. If the initial profile contains high-frequency modes, augment the input with Fourier feature embeddings or use a modified MLP with residual connections to mitigate spectral bias. | M12: 使用具有双曲正切激活函数的全连接物理信息神经网络（PINN），并设置 4 到 6 个隐藏层，每层包含 32 到 64 个神经元。选择双曲正切函数是因为热方程能生成平滑的解，而不会出现脉冲现象。通过输出变换硬性施加狄利克雷边界条件，例如：u_pred(x,t) = (1-x/L)*g_0(t) + (x/L)*g_L(t) + x*(L-x)*NN(x,t)，这样网络就只学习均匀修正，而边界漂移则被消除。如果初始轮廓包含高频模式，则通过添加傅里叶特征嵌入或使用具有残差连接的修改后的多层感知机来减轻频谱偏差。 | N12: 可接受模型选择: PINN；physics-informed neural network | O12: 5
A13: easy_heat_1d_dirichlet_001 | B13: 简单 | C13: heat_transfer | D13: forward_pde_solving | E13: 1D heat equation | F13: A researcher wants to model heat diffusion along a one-dimensional rod over a fixed time interval. The thermal diffusivity is known, the initial temperature profile is provided, and both ends of the rod are held at prescribed fixed temperatures. Design a physics-informed modeling workflow to approximate the temperature field. | G13: 一位研究者希望在一个固定时间区间内，对一维杆中的热扩散过程进行建模。热扩散系数已知，初始温度分布已给出，杆的两端保持在给定的固定温度。请设计一个物理信息建模工作流，用于近似温度场。 | H13: 模型选择 | I13: Model Choice | J13: GLM-4.7 | K13: Pro/zai-org/GLM-4.7 | L13: A fully connected Multi-Layer Perceptron (MLP) is selected. Inputs are coordinates $(x, t)$ and output is temperature $u$. The architecture uses 4 hidden layers with 32 neurons each and Tanh activation functions. This choice provides sufficient capacity to approximate the smooth solution of the diffusion equation while remaining computationally efficient. | M13: 选择了一个全连接的多层感知机（MLP）。输入为坐标 $(x, t)$，输出为温度 $u$。该架构包含 4 个隐藏层，每个层有 32 个神经元，并采用 Tanh 激活函数。这一选择能够提供足够的拟合能力来逼近扩散方程的光滑解，同时保持计算效率。 | N13: 可接受模型选择: PINN；physics-informed neural network | O13: 3
A14: easy_heat_1d_dirichlet_001 | B14: 简单 | C14: heat_transfer | D14: forward_pde_solving | E14: 1D heat equation | F14: A researcher wants to model heat diffusion along a one-dimensional rod over a fixed time interval. The thermal diffusivity is known, the initial temperature profile is provided, and both ends of the rod are held at prescribed fixed temperatures. Design a physics-informed modeling workflow to approximate the temperature field. | G14: 一位研究者希望在一个固定时间区间内，对一维杆中的热扩散过程进行建模。热扩散系数已知，初始温度分布已给出，杆的两端保持在给定的固定温度。请设计一个物理信息建模工作流，用于近似温度场。 | H14: 训练策略 | I14: Training Strategy | J14: DeepSeek-V4-Flash | K14: deepseek-ai/DeepSeek-V4-Flash | L14: Loss = λ_PDE * MSE_PDE + λ_IC * MSE_IC + λ_BC * MSE_BC. Sample collocation points: N_f interior points (e.g., Latin hypercube or random), N_IC points at t=0 along x, N_BC points at x=0 and x=L over time. Use Adam optimizer initially, then L-BFGS for fine-tuning. Adaptive loss weighting (e.g., using gradient statistics or NTK) may improve convergence. Monitor PDE residual and IC/BC errors during training. | M14: 损失值 = λ_PDE * MSE_PDE + λ_IC * MSE_IC + λ_BC * MSE_BC。样本节点位置：N_f 个内部节点（例如，拉丁超立方体或随机分布），N_IC 个在 t=0 时沿 x 轴的位置节点，N_BC 个在 x=0 和 x=L 处随时间变化的位置节点。初始使用 Adam 优化器，然后进行 L-BFGS 优化以进行微调。自适应损失权重（例如，使用梯度统计或 NTK）可能有助于提高收敛性。在训练过程中监测 PDE 剩余值和 IC/BC 误差。 | N14: 期望loss项: PDE residual loss；initial condition loss；Dirichlet boundary loss || 期望训练策略: sample collocation points in the space-time domain；sample initial and boundary points separately；normalize inputs or nondimensionalize variables；use Adam followed by L-BFGS or an equivalent optimizer schedule | O14: 4
A15: easy_heat_1d_dirichlet_001 | B15: 简单 | C15: heat_transfer | D15: forward_pde_solving | E15: 1D heat equation | F15: A researcher wants to model heat diffusion along a one-dimensional rod over a fixed time interval. The thermal diffusivity is known, the initial temperature profile is provided, and both ends of the rod are held at prescribed fixed temperatures. Design a physics-informed modeling workflow to approximate the temperature field. | G15: 一位研究者希望在一个固定时间区间内，对一维杆中的热扩散过程进行建模。热扩散系数已知，初始温度分布已给出，杆的两端保持在给定的固定温度。请设计一个物理信息建模工作流，用于近似温度场。 | H15: 训练策略 | I15: Training Strategy | J15: GPT-5.5-Thinking | K15: Open-ai/GPT-5.5-Thinking | L15: Minimize L=lambda_f MSE(r)+lambda_ic MSE(u_theta(x,0)-u0)+lambda_bc[MSE(u_theta(0,t)-g_L)+MSE(u_theta(L,t)-g_R)]. Sample interior collocation points with Latin hypercube or Sobol sampling, add separate samples at t=0 and at x=0,L, and nondimensionalize x,t,u. Train with Adam for coarse convergence followed by L-BFGS, with adaptive loss weights if boundary or initial errors dominate. | N15: 期望loss项: PDE residual loss；initial condition loss；Dirichlet boundary loss || 期望训练策略: sample collocation points in the space-time domain；sample initial and boundary points separately；normalize inputs or nondimensionalize variables；use Adam followed by L-BFGS or an equivalent optimizer schedule | O15: 4
A16: easy_heat_1d_dirichlet_001 | B16: 简单 | C16: heat_transfer | D16: forward_pde_solving | E16: 1D heat equation | F16: A researcher wants to model heat diffusion along a one-dimensional rod over a fixed time interval. The thermal diffusivity is known, the initial temperature profile is provided, and both ends of the rod are held at prescribed fixed temperatures. Design a physics-informed modeling workflow to approximate the temperature field. | G16: 一位研究者希望在一个固定时间区间内，对一维杆中的热扩散过程进行建模。热扩散系数已知，初始温度分布已给出，杆的两端保持在给定的固定温度。请设计一个物理信息建模工作流，用于近似温度场。 | H16: 训练策略 | I16: Training Strategy | J16: Kimi-K2.6 | K16: Pro/moonshotai/Kimi-K2.6 | L16: Normalize spatial and temporal inputs to [0,1] to improve conditioning. Sample collocation points via Latin Hypercube Sampling across the interior, with additional density near t=0 and boundaries if steep transients are expected; apply residual-based adaptive refinement (RAR) to re-sample high-loss regions. Define the loss as the mean squared PDE residual plus the MSE of the initial condition (BC loss is removed by the hard transform). Optimize first with Adam (learning rate 1e-3) for 50,000-100,000 iterations, then switch to L-BFGS for high-accuracy convergence. Use adaptive weighting (e.g., NTK-based or GradNorm) to balance the PDE and IC loss terms, especially when alpha is small or the initial transient is sharp. For long time horizons, consider a sequential time-marching or causal weighting scheme to respect temporal causality. | M16: 将空间和时间输入值归一化至[0，1]范围，以改善条件性。通过拉丁超立方抽样在内部区域选取样本位置，并在 t = 0 附近以及边界处增加密度，如果预期存在陡峭的瞬态现象；应用基于残差的自适应细化（RAR）方法重新采样高损失区域。将损失定义为偏微分方程残差的均方差加上初始条件的均方误差（边界损失通过硬变换去除）。首先使用 Adam 算法（学习率为 1e-3）进行优化，优化次数为 50，000 至 100，000 次迭代，然后切换到 L-BFGS 以实现高精度收敛。使用自适应加权方法（例如基于 NTK 或 GradNorm）来平衡偏微分方程和初始条件的损失项，特别是在 alpha 较小或初始瞬态较陡峭的情况下。对于较长的时间范围，可以考虑采用顺序时间推进或因果加权方案以尊重时间因果关系。 | N16: 期望loss项: PDE residual loss；initial condition loss；Dirichlet boundary loss || 期望训练策略: sample collocation points in the space-time domain；sample initial and boundary points separately；normalize inputs or nondimensionalize variables；use Adam followed by L-BFGS or an equivalent optimizer schedule | O16: 5
A17: easy_heat_1d_dirichlet_001 | B17: 简单 | C17: heat_transfer | D17: forward_pde_solving | E17: 1D heat equation | F17: A researcher wants to model heat diffusion along a one-dimensional rod over a fixed time interval. The thermal diffusivity is known, the initial temperature profile is provided, and both ends of the rod are held at prescribed fixed temperatures. Design a physics-informed modeling workflow to approximate the temperature field. | G17: 一位研究者希望在一个固定时间区间内，对一维杆中的热扩散过程进行建模。热扩散系数已知，初始温度分布已给出，杆的两端保持在给定的固定温度。请设计一个物理信息建模工作流，用于近似温度场。 | H17: 训练策略 | I17: Training Strategy | J17: GLM-4.7 | K17: Pro/zai-org/GLM-4.7 | L17: Minimize a composite loss function $L = L_{PDE} + \lambda_{IC} L_{IC} + \lambda_{BC} L_{BC}$. Use random sampling (or Latin Hypercube) to generate collocation points for the PDE loss. Sample specifically at $t=0$ for IC and $x=0, L$ for BC. Optimize using Adam for initial convergence followed by L-BFGS for high precision. Weights $\lambda$ are tuned to balance the loss components. | M17: 最小化一个复合损失函数 $L = L_{PDE} + \lambda_{IC} L_{IC} + \lambda_{BC} L_{BC}$ 。采用随机抽样（或拉丁超立方抽样）来为 PDE 损失生成插值点。特别地，在 $t=0$ 处对 IC 进行采样，在 $x=0， L$ 处对 BC 进行采样。首先使用 Adam 进行初始收敛优化，然后使用 L-BFGS 以高精度进行优化。权重 $\lambda$ 被调整以平衡各损失项。 | N17: 期望loss项: PDE residual loss；initial condition loss；Dirichlet boundary loss || 期望训练策略: sample collocation points in the space-time domain；sample initial and boundary points separately；normalize inputs or nondimensionalize variables；use Adam followed by L-BFGS or an equivalent optimizer schedule | O17: 3
A18: easy_heat_1d_dirichlet_001 | B18: 简单 | C18: heat_transfer | D18: forward_pde_solving | E18: 1D heat equation | F18: A researcher wants to model heat diffusion along a one-dimensional rod over a fixed time interval. The thermal diffusivity is known, the initial temperature profile is provided, and both ends of the rod are held at prescribed fixed temperatures. Design a physics-informed modeling workflow to approximate the temperature field. | G18: 一位研究者希望在一个固定时间区间内，对一维杆中的热扩散过程进行建模。热扩散系数已知，初始温度分布已给出，杆的两端保持在给定的固定温度。请设计一个物理信息建模工作流，用于近似温度场。 | H18: 验证与失败风险 | I18: Validation Failure Risks | J18: DeepSeek-V4-Flash | K18: deepseek-ai/DeepSeek-V4-Flash | L18: Risk of spectral bias (low-frequency convergence) leading to inaccurate high-frequency features in the solution. Risk of unbalanced loss terms causing poor constraint satisfaction. Risk of overfitting to collocation points if too few points are used. Risk of training instability due to stiff PDE constraints. Mitigations: use adaptive sampling (e.g., resample points based on residual), learning rate scheduling, and multiple random seeds. Validate against analytical solution if available, or check energy conservation and maximum principle. | M18: 存在谱偏差（低频收敛）的风险，这可能导致解决方案中高频特征的不准确。存在不平衡损失项的风险，这会导致约束满足效果不佳。如果使用的节点数量过少，就存在过度拟合到节点点上的风险。如果偏微分方程约束过于严格，就存在训练不稳定的风险。缓解措施：采用自适应采样（例如，根据残差重新采样节点），学习率调度以及多个随机种子。如果有解析解，就用其进行验证，或者检查能量守恒和最大原理。 | N18: 期望验证: compare against analytical solution if using u(x,0)=sin(pi*x)；report PDE residual error；report initial and boundary condition errors || 常见陷阱: omits initial condition loss；omits boundary loss；hallucinates Neumann boundary conditions；treats alpha as unknown without evidence | O18: 3
A19: easy_heat_1d_dirichlet_001 | B19: 简单 | C19: heat_transfer | D19: forward_pde_solving | E19: 1D heat equation | F19: A researcher wants to model heat diffusion along a one-dimensional rod over a fixed time interval. The thermal diffusivity is known, the initial temperature profile is provided, and both ends of the rod are held at prescribed fixed temperatures. Design a physics-informed modeling workflow to approximate the temperature field. | G19: 一位研究者希望在一个固定时间区间内，对一维杆中的热扩散过程进行建模。热扩散系数已知，初始温度分布已给出，杆的两端保持在给定的固定温度。请设计一个物理信息建模工作流，用于近似温度场。 | H19: 验证与失败风险 | I19: Validation Failure Risks | J19: GPT-5.5-Thinking | K19: Open-ai/GPT-5.5-Thinking | L19: Validate against held-out analytical, numerical, or sensor values, inspect PDE residual maps, and compare time slices of u(x,t). Main risks are wrong boundary temperatures, insufficient collocation near steep initial gradients, loss imbalance, and spectral bias if u0(x) contains high-frequency structure. A wrong assumption of constant alpha or zero heat source can produce visually plausible but physically biased fields. | N19: 期望验证: compare against analytical solution if using u(x,0)=sin(pi*x)；report PDE residual error；report initial and boundary condition errors || 常见陷阱: omits initial condition loss；omits boundary loss；hallucinates Neumann boundary conditions；treats alpha as unknown without evidence | O19: 4
A20: easy_heat_1d_dirichlet_001 | B20: 简单 | C20: heat_transfer | D20: forward_pde_solving | E20: 1D heat equation | F20: A researcher wants to model heat diffusion along a one-dimensional rod over a fixed time interval. The thermal diffusivity is known, the initial temperature profile is provided, and both ends of the rod are held at prescribed fixed temperatures. Design a physics-informed modeling workflow to approximate the temperature field. | G20: 一位研究者希望在一个固定时间区间内，对一维杆中的热扩散过程进行建模。热扩散系数已知，初始温度分布已给出，杆的两端保持在给定的固定温度。请设计一个物理信息建模工作流，用于近似温度场。 | H20: 验证与失败风险 | I20: Validation Failure Risks | J20: Kimi-K2.6 | K20: Pro/moonshotai/Kimi-K2.6 | L20: Primary risks include: (i) corner incompatibility between IC and BCs causing persistent high residuals and slow convergence near (0,0) and (L,0); (ii) spectral bias preventing accurate representation of high-frequency initial data or thin boundary layers when alpha is small; (iii) causality violations or error accumulation over long time intervals if the network is trained globally without temporal ordering; (iv) insufficient collocation density leading to non-physical interpolatory modes between sample points; and (v) lack of interior observation data means validation relies entirely on PDE residual monitoring and physical consistency checks (e.g., monotonic energy decay, maximum principle), so undetected approximation errors may persist without a reference solution for verification. | M20: 主要风险包括：（i）集成电路（IC）与边界条件（BC）之间的不兼容导致在（0，0）和（L，0）附近存在持续的高残差以及缓慢收敛；（ii）当α值较小时，频谱偏差会妨碍高频率初始数据或薄边界层的准确表示；（iii）如果网络在未按时间顺序进行训练的情况下进行全局训练，则会出现因果关系违背或误差累积问题；（iv）采样点之间的插值密度不足会导致样本点之间的非物理模式；（v）由于缺乏内部观测数据，验证完全依赖于偏微分方程残差监测和物理一致性检查（例如，单调能量衰减、最大原理），因此未检测到的近似误差可能会持续存在而没有可供验证的参考解。 | N20: 期望验证: compare against analytical solution if using u(x,0)=sin(pi*x)；report PDE residual error；report initial and boundary condition errors || 常见陷阱: omits initial condition loss；omits boundary loss；hallucinates Neumann boundary conditions；treats alpha as unknown without evidence | O20: 5
A21: easy_heat_1d_dirichlet_001 | B21: 简单 | C21: heat_transfer | D21: forward_pde_solving | E21: 1D heat equation | F21: A researcher wants to model heat diffusion along a one-dimensional rod over a fixed time interval. The thermal diffusivity is known, the initial temperature profile is provided, and both ends of the rod are held at prescribed fixed temperatures. Design a physics-informed modeling workflow to approximate the temperature field. | G21: 一位研究者希望在一个固定时间区间内，对一维杆中的热扩散过程进行建模。热扩散系数已知，初始温度分布已给出，杆的两端保持在给定的固定温度。请设计一个物理信息建模工作流，用于近似温度场。 | H21: 验证与失败风险 | I21: Validation Failure Risks | J21: GLM-4.7 | K21: Pro/zai-org/GLM-4.7 | L21: Potential failure modes include spectral bias preventing the capture of sharp features in the initial profile, optimization getting trapped in local minima leading to unphysical solutions, and imbalance in loss terms causing the model to prioritize boundary conditions over the governing PDE in the interior. | M21: 潜在的故障模式包括：光谱偏差导致无法捕捉初始轮廓中的尖锐特征；优化过程陷入局部最小值，从而产生不合理的解；以及损失项的不平衡使得模型在内部优先考虑边界条件而非控制方程本身。 | N21: 期望验证: compare against analytical solution if using u(x,0)=sin(pi*x)；report PDE residual error；report initial and boundary condition errors || 常见陷阱: omits initial condition loss；omits boundary loss；hallucinates Neumann boundary conditions；treats alpha as unknown without evidence | O21: 2
A22: medium_heat_inverse_alpha_009 | B22: 中等 | C22: heat_transfer | D22: inverse_parameter_estimation | E22: 1D heat equation | F22: A laboratory measures sparse, possibly noisy temperature values at space-time locations along a one-dimensional rod. The heat equation form is known, but the thermal diffusivity is unknown. Design a physics-informed modeling workflow to infer the diffusivity and reconstruct the temperature field, including any additional physical conditions that must be specified or obtained. | G22: 一个实验室在一维杆的若干时空位置测量了稀疏且可能含噪的温度值。热方程形式已知，但热扩散系数未知。请设计一个物理信息建模工作流，用于推断扩散系数并重构温度场，同时说明还需要指定或获得哪些额外物理条件。 | H22: 问题形式化 | I22: Problem Formalization | J22: DeepSeek-V4-Flash | K22: deepseek-ai/DeepSeek-V4-Flash | L22: We aim to infer the unknown thermal diffusivity α (scalar or spatially varying) and reconstruct the temperature field u(x,t) from sparse, noisy temperature measurements at discrete (x,t) locations along a 1D rod. The heat equation ∂u/∂t = α ∂²u/∂x² is assumed. Missing conditions: initial condition u(x,0), boundary conditions at rod ends (e.g., Dirichlet, Neumann, or Robin), rod length L, measurement noise level, and whether α is constant or variable. These must be specified or estimated from data or prior knowledge. | M22: 我们的目标是根据沿一维棒上离散的（x，t）位置处的稀疏且有噪声的温度测量值，推断未知的热扩散系数α（标量或空间变化形式）并重建温度场u(x,t)。假设热方程为∂u/∂t = α ∂²u/∂x²。缺失的条件包括：初始条件u(x，0)、棒端的边界条件（例如狄利克雷、诺伊曼或罗宾边界条件）、棒的长度L、测量噪声水平以及α是否为常数或变化的。这些条件必须明确指定或从数据或先验知识中估计得出。 | N22: 变量: x；t；u(x,t)；alpha || 未知量: u(x,t)；alpha || 区域/时间: space: x in [0,1]；time: t in [0,1] || 参数取值: alpha_true: 0.5；sensor_count: 100；noise: 1 percent Gaussian noise || 评分提醒: Do not require the model to guess the private IC/BC. Full-credit plans should state that IC/BC are needed or should be incorporated if available, and should not hallucinate unsupported values.
A23: medium_heat_inverse_alpha_009 | B23: 中等 | C23: heat_transfer | D23: inverse_parameter_estimation | E23: 1D heat equation | F23: A laboratory measures sparse, possibly noisy temperature values at space-time locations along a one-dimensional rod. The heat equation form is known, but the thermal diffusivity is unknown. Design a physics-informed modeling workflow to infer the diffusivity and reconstruct the temperature field, including any additional physical conditions that must be specified or obtained. | G23: 一个实验室在一维杆的若干时空位置测量了稀疏且可能含噪的温度值。热方程形式已知，但热扩散系数未知。请设计一个物理信息建模工作流，用于推断扩散系数并重构温度场，同时说明还需要指定或获得哪些额外物理条件。 | H23: 问题形式化 | I23: Problem Formalization | J23: GPT-5.5-Thinking | K23: Open-ai/GPT-5.5-Thinking | L23: Let x in [0,L] and t in [0,T]. Infer the unknown thermal diffusivity alpha and reconstruct temperature u(x,t) from sparse observations D={(x_i,t_i,u_i^obs)} under the heat equation u_t=alpha u_xx. The workflow requires the rod length, time window, initial condition, boundary conditions, observation locations, and noise characteristics. Without these, alpha may be non-identifiable or biased by missing physics. | N23: 变量: x；t；u(x,t)；alpha || 未知量: u(x,t)；alpha || 区域/时间: space: x in [0,1]；time: t in [0,1] || 参数取值: alpha_true: 0.5；sensor_count: 100；noise: 1 percent Gaussian noise || 评分提醒: Do not require the model to guess the private IC/BC. Full-credit plans should state that IC/BC are needed or should be incorporated if available, and should not hallucinate unsupported values.
A24: medium_heat_inverse_alpha_009 | B24: 中等 | C24: heat_transfer | D24: inverse_parameter_estimation | E24: 1D heat equation | F24: A laboratory measures sparse, possibly noisy temperature values at space-time locations along a one-dimensional rod. The heat equation form is known, but the thermal diffusivity is unknown. Design a physics-informed modeling workflow to infer the diffusivity and reconstruct the temperature field, including any additional physical conditions that must be specified or obtained. | G24: 一个实验室在一维杆的若干时空位置测量了稀疏且可能含噪的温度值。热方程形式已知，但热扩散系数未知。请设计一个物理信息建模工作流，用于推断扩散系数并重构温度场，同时说明还需要指定或获得哪些额外物理条件。 | H24: 问题形式化 | I24: Problem Formalization | J24: Kimi-K2.6 | K24: Pro/moonshotai/Kimi-K2.6 | L24: The forward model is the 1D heat equation u_t = α u_xx on x ∈ [0,L], t ∈ [0,T] with unknown constant thermal diffusivity α > 0. Available information consists of sparse, noisy point measurements of temperature. Critical unspecified elements are: the domain length L, boundary conditions at both ends (Dirichlet, Neumann, or Robin), the initial condition u(x,0), and the observation noise statistics. If α is spatially varying, its regularity must also be declared. The goal is to jointly infer α and reconstruct u(x,t) everywhere. | M24: 前向模型是方程 u_t = α u_xx，其定义域为 x ∈ [0,L]，时间范围为 t ∈ [0,T]，其中未知的常数热扩散率 α > 0。可用的信息包括温度的稀疏、有噪声的点测量值。未明确的关键要素有：域长度 L、两端的边界条件（狄利克雷、诺伊曼或罗宾型）、初始条件 u(x，0) 以及观测噪声的统计信息。如果 α 是空间变化的，则还必须声明其规律性。目标是联合推断 α 并在所有位置重建 u(x,t)。 | N24: 变量: x；t；u(x,t)；alpha || 未知量: u(x,t)；alpha || 区域/时间: space: x in [0,1]；time: t in [0,1] || 参数取值: alpha_true: 0.5；sensor_count: 100；noise: 1 percent Gaussian noise || 评分提醒: Do not require the model to guess the private IC/BC. Full-credit plans should state that IC/BC are needed or should be incorporated if available, and should not hallucinate unsupported values.
A25: medium_heat_inverse_alpha_009 | B25: 中等 | C25: heat_transfer | D25: inverse_parameter_estimation | E25: 1D heat equation | F25: A laboratory measures sparse, possibly noisy temperature values at space-time locations along a one-dimensional rod. The heat equation form is known, but the thermal diffusivity is unknown. Design a physics-informed modeling workflow to infer the diffusivity and reconstruct the temperature field, including any additional physical conditions that must be specified or obtained. | G25: 一个实验室在一维杆的若干时空位置测量了稀疏且可能含噪的温度值。热方程形式已知，但热扩散系数未知。请设计一个物理信息建模工作流，用于推断扩散系数并重构温度场，同时说明还需要指定或获得哪些额外物理条件。 | H25: 问题形式化 | I25: Problem Formalization | J25: GLM-4.7 | K25: Pro/zai-org/GLM-4.7 | L25: The task is an inverse problem for the 1D heat equation $u_t = \alpha u_{xx}$ on a spatial domain $x \in [0, L]$ and time interval $t \in [0, T]$. The objective is to reconstruct the continuous temperature field $u(x,t)$ and infer the thermal diffusivity $\alpha$ (assumed constant) using sparse, noisy observations $\{(x_i, t_i, u_i)\}$. Missing Information: The Boundary Conditions (BCs) at $x=0, L$ and the Initial Condition (IC) at $t=0$ are not specified. These must be provided or assumed (e.g., Dirichlet, Neumann, or Periodic) to ensure a well-posed formulation. | M25: 该任务属于一维热方程 $u_t = \alpha u_{xx}$ 的逆问题，其空间域为 $x \in [0, L]$，时间区间为 $t \in [0, T]$。目标是通过稀疏且带有噪声的观测数据 $\{(x_i, t_i, u_i)\}$ 重建连续温度场 $u(x,t)$ 并推断热扩散系数 $\alpha$（假设为常数）。缺失信息：边界条件（BC）在 $x=0$ 和 $L$ 处以及初始条件（IC）在 $t=0$ 处未作规定。这些内容必须提供或假定（例如，狄利克雷条件、诺伊曼条件或周期条件）以确保问题的正解性。 | N25: 变量: x；t；u(x,t)；alpha || 未知量: u(x,t)；alpha || 区域/时间: space: x in [0,1]；time: t in [0,1] || 参数取值: alpha_true: 0.5；sensor_count: 100；noise: 1 percent Gaussian noise || 评分提醒: Do not require the model to guess the private IC/BC. Full-credit plans should state that IC/BC are needed or should be incorporated if available, and should not hallucinate unsupported values.
A26: medium_heat_inverse_alpha_009 | B26: 中等 | C26: heat_transfer | D26: inverse_parameter_estimation | E26: 1D heat equation | F26: A laboratory measures sparse, possibly noisy temperature values at space-time locations along a one-dimensional rod. The heat equation form is known, but the thermal diffusivity is unknown. Design a physics-informed modeling workflow to infer the diffusivity and reconstruct the temperature field, including any additional physical conditions that must be specified or obtained. | G26: 一个实验室在一维杆的若干时空位置测量了稀疏且可能含噪的温度值。热方程形式已知，但热扩散系数未知。请设计一个物理信息建模工作流，用于推断扩散系数并重构温度场，同时说明还需要指定或获得哪些额外物理条件。 | H26: 物理约束 | I26: Physics Constraints | J26: DeepSeek-V4-Flash | K26: deepseek-ai/DeepSeek-V4-Flash | L26: The solution must satisfy the heat equation exactly (or approximately via soft penalty). Boundary and initial conditions are required for well-posedness; if unknown, they must be inferred as additional parameters or functions. The diffusivity α must be positive. If α is spatially varying, additional regularization (e.g., smoothness) may be needed. The reconstruction must be consistent with the measured data within noise bounds. | M26: 待翻译：下一步可按代表题或按模型分批由我继续填入。 | N26: 标准PDE: u_t = alpha * u_xx with true alpha = 0.5 for the private reference || 约束: observations: 100 randomly sampled sparse temperature sensors with 1 percent Gaussian noise for the private reference setting；physics: heat equation form is known；initial_and_boundary_conditions: private execution reference uses u(x,0)=sin(pi*x), u(0,t)=0, u(1,t)=0; public task does not fully specify IC/BC, so a plan should request or account for them || 参考条件: initial: u(x,0)=sin(pi*x)；boundary: u(0,t)=0；u(1,t)=0；observations: 100 random space-time sensors with 1 percent Gaussian noise || 评分提醒: Do not require the model to guess the private IC/BC. Full-credit plans should state that IC/BC are needed or should be incorporated if available, and should not hallucinate unsupported values.
A27: medium_heat_inverse_alpha_009 | B27: 中等 | C27: heat_transfer | D27: inverse_parameter_estimation | E27: 1D heat equation | F27: A laboratory measures sparse, possibly noisy temperature values at space-time locations along a one-dimensional rod. The heat equation form is known, but the thermal diffusivity is unknown. Design a physics-informed modeling workflow to infer the diffusivity and reconstruct the temperature field, including any additional physical conditions that must be specified or obtained. | G27: 一个实验室在一维杆的若干时空位置测量了稀疏且可能含噪的温度值。热方程形式已知，但热扩散系数未知。请设计一个物理信息建模工作流，用于推断扩散系数并重构温度场，同时说明还需要指定或获得哪些额外物理条件。 | H27: 物理约束 | I27: Physics Constraints | J27: GPT-5.5-Thinking | K27: Open-ai/GPT-5.5-Thinking | L27: Enforce r=u_t-alpha u_xx=0 and alpha>0, for example by parameterizing alpha=softplus(beta). Enforce available initial and boundary conditions: Dirichlet, Neumann, Robin, or measured boundary temperature/flux. The standard residual assumes a homogeneous rod, constant alpha, and no internal heat source; if material properties vary or heat generation/loss exists, those terms must be included or jointly estimated. | N27: 标准PDE: u_t = alpha * u_xx with true alpha = 0.5 for the private reference || 约束: observations: 100 randomly sampled sparse temperature sensors with 1 percent Gaussian noise for the private reference setting；physics: heat equation form is known；initial_and_boundary_conditions: private execution reference uses u(x,0)=sin(pi*x), u(0,t)=0, u(1,t)=0; public task does not fully specify IC/BC, so a plan should request or account for them || 参考条件: initial: u(x,0)=sin(pi*x)；boundary: u(0,t)=0；u(1,t)=0；observations: 100 random space-time sensors with 1 percent Gaussian noise || 评分提醒: Do not require the model to guess the private IC/BC. Full-credit plans should state that IC/BC are needed or should be incorporated if available, and should not hallucinate unsupported values.
A28: medium_heat_inverse_alpha_009 | B28: 中等 | C28: heat_transfer | D28: inverse_parameter_estimation | E28: 1D heat equation | F28: A laboratory measures sparse, possibly noisy temperature values at space-time locations along a one-dimensional rod. The heat equation form is known, but the thermal diffusivity is unknown. Design a physics-informed modeling workflow to infer the diffusivity and reconstruct the temperature field, including any additional physical conditions that must be specified or obtained. | G28: 一个实验室在一维杆的若干时空位置测量了稀疏且可能含噪的温度值。热方程形式已知，但热扩散系数未知。请设计一个物理信息建模工作流，用于推断扩散系数并重构温度场，同时说明还需要指定或获得哪些额外物理条件。 | H28: 物理约束 | I28: Physics Constraints | J28: Kimi-K2.6 | K28: Pro/moonshotai/Kimi-K2.6 | L28: Governing PDE residual u_t - α u_xx = 0 must vanish in the interior. Positivity of α is required, enforced by parameterizing α = exp(β). The problem is ill-posed without boundary and initial conditions; these must be supplied or independently measured. The heat equation parabolic nature enforces strong spatial smoothing for t > 0, which regularizes the solution. Transient data are necessary for identifiability; steady-state or purely spatial data cannot determine α. Observation noise should be treated as aleatoric uncertainty rather than interpolated exactly. | M28: 待翻译：下一步可按代表题或按模型分批由我继续填入。 | N28: 标准PDE: u_t = alpha * u_xx with true alpha = 0.5 for the private reference || 约束: observations: 100 randomly sampled sparse temperature sensors with 1 percent Gaussian noise for the private reference setting；physics: heat equation form is known；initial_and_boundary_conditions: private execution reference uses u(x,0)=sin(pi*x), u(0,t)=0, u(1,t)=0; public task does not fully specify IC/BC, so a plan should request or account for them || 参考条件: initial: u(x,0)=sin(pi*x)；boundary: u(0,t)=0；u(1,t)=0；observations: 100 random space-time sensors with 1 percent Gaussian noise || 评分提醒: Do not require the model to guess the private IC/BC. Full-credit plans should state that IC/BC are needed or should be incorporated if available, and should not hallucinate unsupported values.
A29: medium_heat_inverse_alpha_009 | B29: 中等 | C29: heat_transfer | D29: inverse_parameter_estimation | E29: 1D heat equation | F29: A laboratory measures sparse, possibly noisy temperature values at space-time locations along a one-dimensional rod. The heat equation form is known, but the thermal diffusivity is unknown. Design a physics-informed modeling workflow to infer the diffusivity and reconstruct the temperature field, including any additional physical conditions that must be specified or obtained. | G29: 一个实验室在一维杆的若干时空位置测量了稀疏且可能含噪的温度值。热方程形式已知，但热扩散系数未知。请设计一个物理信息建模工作流，用于推断扩散系数并重构温度场，同时说明还需要指定或获得哪些额外物理条件。 | H29: 物理约束 | I29: Physics Constraints | J29: GLM-4.7 | K29: Pro/zai-org/GLM-4.7 | L29: 1. PDE Residual: The model must satisfy $f(x,t) = u_t - \alpha u_{xx} = 0$ at all collocation points. 2. Positivity: The diffusivity parameter must satisfy $\alpha > 0$. 3. Boundary/Initial Consistency: The solution must adhere to the (required) BCs and ICs. 4. Smoothness: The temperature field $u(x,t)$ is expected to be smooth in space and time for standard heat diffusion. | M29: 待翻译：下一步可按代表题或按模型分批由我继续填入。 | N29: 标准PDE: u_t = alpha * u_xx with true alpha = 0.5 for the private reference || 约束: observations: 100 randomly sampled sparse temperature sensors with 1 percent Gaussian noise for the private reference setting；physics: heat equation form is known；initial_and_boundary_conditions: private execution reference uses u(x,0)=sin(pi*x), u(0,t)=0, u(1,t)=0; public task does not fully specify IC/BC, so a plan should request or account for them || 参考条件: initial: u(x,0)=sin(pi*x)；boundary: u(0,t)=0；u(1,t)=0；observations: 100 random space-time sensors with 1 percent Gaussian noise || 评分提醒: Do not require the model to guess the private IC/BC. Full-credit plans should state that IC/BC are needed or should be incorporated if available, and should not hallucinate unsupported values.
A30: medium_heat_inverse_alpha_009 | B30: 中等 | C30: heat_transfer | D30: inverse_parameter_estimation | E30: 1D heat equation | F30: A laboratory measures sparse, possibly noisy temperature values at space-time locations along a one-dimensional rod. The heat equation form is known, but the thermal diffusivity is unknown. Design a physics-informed modeling workflow to infer the diffusivity and reconstruct the temperature field, including any additional physical conditions that must be specified or obtained. | G30: 一个实验室在一维杆的若干时空位置测量了稀疏且可能含噪的温度值。热方程形式已知，但热扩散系数未知。请设计一个物理信息建模工作流，用于推断扩散系数并重构温度场，同时说明还需要指定或获得哪些额外物理条件。 | H30: 模型选择 | I30: Model Choice | J30: DeepSeek-V4-Flash | K30: deepseek-ai/DeepSeek-V4-Flash | L30: A physics-informed neural network (PINN) is appropriate: it can handle sparse data, incorporate the PDE as a loss term, and infer α as a trainable parameter (or as a neural network output if spatially varying). The network outputs u(x,t) and optionally α(x). The PDE residual loss enforces physics, while data loss fits measurements. This choice handles the inverse problem and noisy data without requiring a grid or explicit numerical solver. | M30: 待翻译：下一步可按代表题或按模型分批由我继续填入。 | N30: 可接受模型选择: PINN with trainable alpha；physics-informed neural network with parameter inference || 评分提醒: Do not require the model to guess the private IC/BC. Full-credit plans should state that IC/BC are needed or should be incorporated if available, and should not hallucinate unsupported values.
A31: medium_heat_inverse_alpha_009 | B31: 中等 | C31: heat_transfer | D31: inverse_parameter_estimation | E31: 1D heat equation | F31: A laboratory measures sparse, possibly noisy temperature values at space-time locations along a one-dimensional rod. The heat equation form is known, but the thermal diffusivity is unknown. Design a physics-informed modeling workflow to infer the diffusivity and reconstruct the temperature field, including any additional physical conditions that must be specified or obtained. | G31: 一个实验室在一维杆的若干时空位置测量了稀疏且可能含噪的温度值。热方程形式已知，但热扩散系数未知。请设计一个物理信息建模工作流，用于推断扩散系数并重构温度场，同时说明还需要指定或获得哪些额外物理条件。 | H31: 模型选择 | I31: Model Choice | J31: GPT-5.5-Thinking | K31: Open-ai/GPT-5.5-Thinking | L31: Use an inverse PINN with network output u_theta(x,t) and trainable scalar alpha. This fits the inverse parameter-estimation task because sparse data provide field anchors while the PDE residual constrains physically admissible temperature evolution. For noisy data, use a robust or probabilistic PINN so alpha uncertainty is reported rather than a single overconfident estimate. | N31: 可接受模型选择: PINN with trainable alpha；physics-informed neural network with parameter inference || 评分提醒: Do not require the model to guess the private IC/BC. Full-credit plans should state that IC/BC are needed or should be incorporated if available, and should not hallucinate unsupported values.
A32: medium_heat_inverse_alpha_009 | B32: 中等 | C32: heat_transfer | D32: inverse_parameter_estimation | E32: 1D heat equation | F32: A laboratory measures sparse, possibly noisy temperature values at space-time locations along a one-dimensional rod. The heat equation form is known, but the thermal diffusivity is unknown. Design a physics-informed modeling workflow to infer the diffusivity and reconstruct the temperature field, including any additional physical conditions that must be specified or obtained. | G32: 一个实验室在一维杆的若干时空位置测量了稀疏且可能含噪的温度值。热方程形式已知，但热扩散系数未知。请设计一个物理信息建模工作流，用于推断扩散系数并重构温度场，同时说明还需要指定或获得哪些额外物理条件。 | H32: 模型选择 | I32: Model Choice | J32: Kimi-K2.6 | K32: Pro/moonshotai/Kimi-K2.6 | L32: A Physics-Informed Neural Network (PINN) is selected: a fully-connected network mapping (x,t) → u with 6–8 layers, 32–64 neurons per layer, and tanh activation. The unknown α is a trainable scalar appended to the network parameters. This choice is justified because PINNs are mesh-free, handle sparse scattered data natively, and embed the PDE and parameter estimation into a single differentiable loss landscape. If initial transients contain high frequencies, Fourier feature embeddings or sinusoidal activations can be substituted. | M32: 待翻译：下一步可按代表题或按模型分批由我继续填入。 | N32: 可接受模型选择: PINN with trainable alpha；physics-informed neural network with parameter inference || 评分提醒: Do not require the model to guess the private IC/BC. Full-credit plans should state that IC/BC are needed or should be incorporated if available, and should not hallucinate unsupported values.
A33: medium_heat_inverse_alpha_009 | B33: 中等 | C33: heat_transfer | D33: inverse_parameter_estimation | E33: 1D heat equation | F33: A laboratory measures sparse, possibly noisy temperature values at space-time locations along a one-dimensional rod. The heat equation form is known, but the thermal diffusivity is unknown. Design a physics-informed modeling workflow to infer the diffusivity and reconstruct the temperature field, including any additional physical conditions that must be specified or obtained. | G33: 一个实验室在一维杆的若干时空位置测量了稀疏且可能含噪的温度值。热方程形式已知，但热扩散系数未知。请设计一个物理信息建模工作流，用于推断扩散系数并重构温度场，同时说明还需要指定或获得哪些额外物理条件。 | H33: 模型选择 | I33: Model Choice | J33: GLM-4.7 | K33: Pro/zai-org/GLM-4.7 | L33: A Physics-Informed Neural Network (PINN) is selected. The architecture is a fully connected Multi-Layer Perceptron (MLP) with inputs $(x, t)$ and output $u$. The thermal diffusivity $\alpha$ is treated as a trainable scalar variable. Justification: PINNs are effective for inverse problems as they embed the PDE directly into the loss function, allowing the model to learn from sparse data while respecting the underlying physics, and they handle the continuous nature of the solution without requiring a mesh. | M33: 待翻译：下一步可按代表题或按模型分批由我继续填入。 | N33: 可接受模型选择: PINN with trainable alpha；physics-informed neural network with parameter inference || 评分提醒: Do not require the model to guess the private IC/BC. Full-credit plans should state that IC/BC are needed or should be incorporated if available, and should not hallucinate unsupported values.
A34: medium_heat_inverse_alpha_009 | B34: 中等 | C34: heat_transfer | D34: inverse_parameter_estimation | E34: 1D heat equation | F34: A laboratory measures sparse, possibly noisy temperature values at space-time locations along a one-dimensional rod. The heat equation form is known, but the thermal diffusivity is unknown. Design a physics-informed modeling workflow to infer the diffusivity and reconstruct the temperature field, including any additional physical conditions that must be specified or obtained. | G34: 一个实验室在一维杆的若干时空位置测量了稀疏且可能含噪的温度值。热方程形式已知，但热扩散系数未知。请设计一个物理信息建模工作流，用于推断扩散系数并重构温度场，同时说明还需要指定或获得哪些额外物理条件。 | H34: 训练策略 | I34: Training Strategy | J34: DeepSeek-V4-Flash | K34: deepseek-ai/DeepSeek-V4-Flash | L34: Use a fully connected neural network with inputs (x,t) and output u. If α is constant, treat it as a trainable scalar; if spatially varying, output α from a separate network or as an additional output. Loss = λ_data * MSE(data, prediction) + λ_pde * MSE(PDE residual) + λ_ic * MSE(initial condition) + λ_bc * MSE(boundary conditions) + λ_reg * regularization (e.g., L2 on α gradients). Sample collocation points for PDE residual via Latin hypercube or random sampling. Use Adam optimizer initially, then L-BFGS for fine-tuning. Noise handling: use a robust loss (e.g., Huber) or weight data points by inverse noise variance. Validate on held-out data. | M34: 待翻译：下一步可按代表题或按模型分批由我继续填入。 | N34: 期望loss项: PDE residual loss with trainable alpha；data loss on sparse noisy sensor measurements；initial condition loss if IC is available；boundary condition loss if BC is available；positivity constraint or positive parameterization for alpha || 期望训练策略: jointly optimize network weights and alpha；enforce alpha positivity through parameterization or constraints；balance data and physics losses under noisy sparse observations；use held-out sensors for validation；explicitly state that IC/BC information is required if not given || 评分提醒: Do not require the model to guess the private IC/BC. Full-credit plans should state that IC/BC are needed or should be incorporated if available, and should not hallucinate unsupported values.
A35: medium_heat_inverse_alpha_009 | B35: 中等 | C35: heat_transfer | D35: inverse_parameter_estimation | E35: 1D heat equation | F35: A laboratory measures sparse, possibly noisy temperature values at space-time locations along a one-dimensional rod. The heat equation form is known, but the thermal diffusivity is unknown. Design a physics-informed modeling workflow to infer the diffusivity and reconstruct the temperature field, including any additional physical conditions that must be specified or obtained. | G35: 一个实验室在一维杆的若干时空位置测量了稀疏且可能含噪的温度值。热方程形式已知，但热扩散系数未知。请设计一个物理信息建模工作流，用于推断扩散系数并重构温度场，同时说明还需要指定或获得哪些额外物理条件。 | H35: 训练策略 | I35: Training Strategy | J35: GPT-5.5-Thinking | K35: Open-ai/GPT-5.5-Thinking | L35: Minimize L=lambda_d data_loss+lambda_f MSE(u_t-alpha u_xx)+lambda_ic L_ic+lambda_bc L_bc. Use Huber or variance-weighted data loss for noisy sensors. Sample collocation points throughout the domain and concentrate additional points near sensors, boundaries, and large thermal gradients. Nondimensionalize variables, train beta and network weights with Adam then L-BFGS, and estimate uncertainty using ensembles, bootstrap resampling, or Bayesian treatment. | N35: 期望loss项: PDE residual loss with trainable alpha；data loss on sparse noisy sensor measurements；initial condition loss if IC is available；boundary condition loss if BC is available；positivity constraint or positive parameterization for alpha || 期望训练策略: jointly optimize network weights and alpha；enforce alpha positivity through parameterization or constraints；balance data and physics losses under noisy sparse observations；use held-out sensors for validation；explicitly state that IC/BC information is required if not given || 评分提醒: Do not require the model to guess the private IC/BC. Full-credit plans should state that IC/BC are needed or should be incorporated if available, and should not hallucinate unsupported values.
A36: medium_heat_inverse_alpha_009 | B36: 中等 | C36: heat_transfer | D36: inverse_parameter_estimation | E36: 1D heat equation | F36: A laboratory measures sparse, possibly noisy temperature values at space-time locations along a one-dimensional rod. The heat equation form is known, but the thermal diffusivity is unknown. Design a physics-informed modeling workflow to infer the diffusivity and reconstruct the temperature field, including any additional physical conditions that must be specified or obtained. | G36: 一个实验室在一维杆的若干时空位置测量了稀疏且可能含噪的温度值。热方程形式已知，但热扩散系数未知。请设计一个物理信息建模工作流，用于推断扩散系数并重构温度场，同时说明还需要指定或获得哪些额外物理条件。 | H36: 训练策略 | I36: Training Strategy | J36: Kimi-K2.6 | K36: Pro/moonshotai/Kimi-K2.6 | L36: Define the composite loss L = λ_d L_data + λ_p L_pde + λ_b L_bcic. L_data is MSE on sparse observations (use Huber loss if outliers are suspected). L_pde is the squared residual on collocation points sampled via Latin Hypercube Sampling; apply residual-based adaptive refinement to add points where |R| is large. L_bcic penalizes deviations from any known boundary or initial data—if these are unknown, the workflow must halt until they are obtained. Optimize first with Adam (lr ~ 1e-3) for 20k–50k steps, then fine-tune with L-BFGS. Use adaptive weighting (e.g., GradNorm) to balance terms. Validate on a held-out subset of observations (10–20%) and monitor the PDE residual norm and the physical plausibility of α. | M36: 待翻译：下一步可按代表题或按模型分批由我继续填入。 | N36: 期望loss项: PDE residual loss with trainable alpha；data loss on sparse noisy sensor measurements；initial condition loss if IC is available；boundary condition loss if BC is available；positivity constraint or positive parameterization for alpha || 期望训练策略: jointly optimize network weights and alpha；enforce alpha positivity through parameterization or constraints；balance data and physics losses under noisy sparse observations；use held-out sensors for validation；explicitly state that IC/BC information is required if not given || 评分提醒: Do not require the model to guess the private IC/BC. Full-credit plans should state that IC/BC are needed or should be incorporated if available, and should not hallucinate unsupported values.
A37: medium_heat_inverse_alpha_009 | B37: 中等 | C37: heat_transfer | D37: inverse_parameter_estimation | E37: 1D heat equation | F37: A laboratory measures sparse, possibly noisy temperature values at space-time locations along a one-dimensional rod. The heat equation form is known, but the thermal diffusivity is unknown. Design a physics-informed modeling workflow to infer the diffusivity and reconstruct the temperature field, including any additional physical conditions that must be specified or obtained. | G37: 一个实验室在一维杆的若干时空位置测量了稀疏且可能含噪的温度值。热方程形式已知，但热扩散系数未知。请设计一个物理信息建模工作流，用于推断扩散系数并重构温度场，同时说明还需要指定或获得哪些额外物理条件。 | H37: 训练策略 | I37: Training Strategy | J37: GLM-4.7 | K37: Pro/zai-org/GLM-4.7 | L37: Loss Function: $\mathcal{L} = \lambda_{data} \mathcal{L}_{data} + \lambda_{PDE} \mathcal{L}_{PDE} + \lambda_{BC} \mathcal{L}_{BC} + \lambda_{IC} \mathcal{L}_{IC}$. $\mathcal{L}_{data}$ is the MSE on the sparse observations. $\mathcal{L}_{PDE}$ is the MSE of the residual evaluated on random collocation points. $\mathcal{L}_{BC}$ and $\mathcal{L}_{IC}$ enforce the (user-specified) boundary and initial conditions. Optimization: Use Adam for initial convergence followed by L-BFGS for high precision. Sampling: Use Latin Hypercube Sampling (LHS) for collocation points to ensure domain coverage. | M37: 待翻译：下一步可按代表题或按模型分批由我继续填入。 | N37: 期望loss项: PDE residual loss with trainable alpha；data loss on sparse noisy sensor measurements；initial condition loss if IC is available；boundary condition loss if BC is available；positivity constraint or positive parameterization for alpha || 期望训练策略: jointly optimize network weights and alpha；enforce alpha positivity through parameterization or constraints；balance data and physics losses under noisy sparse observations；use held-out sensors for validation；explicitly state that IC/BC information is required if not given || 评分提醒: Do not require the model to guess the private IC/BC. Full-credit plans should state that IC/BC are needed or should be incorporated if available, and should not hallucinate unsupported values.
A38: medium_heat_inverse_alpha_009 | B38: 中等 | C38: heat_transfer | D38: inverse_parameter_estimation | E38: 1D heat equation | F38: A laboratory measures sparse, possibly noisy temperature values at space-time locations along a one-dimensional rod. The heat equation form is known, but the thermal diffusivity is unknown. Design a physics-informed modeling workflow to infer the diffusivity and reconstruct the temperature field, including any additional physical conditions that must be specified or obtained. | G38: 一个实验室在一维杆的若干时空位置测量了稀疏且可能含噪的温度值。热方程形式已知，但热扩散系数未知。请设计一个物理信息建模工作流，用于推断扩散系数并重构温度场，同时说明还需要指定或获得哪些额外物理条件。 | H38: 验证与失败风险 | I38: Validation Failure Risks | J38: DeepSeek-V4-Flash | K38: deepseek-ai/DeepSeek-V4-Flash | L38: 1) Non-uniqueness: multiple (α, u) pairs may fit data and PDE if boundary/initial conditions are missing. 2) Overfitting to noise if λ_data is too high. 3) Poor convergence if α is spatially varying and under-regularized. 4) Spectral bias: PINNs may fail to capture high-frequency components in u. 5) Sensitivity to collocation point distribution. Mitigations: use cross-validation, add regularization, employ adaptive sampling, and enforce known physical constraints (e.g., maximum principle). | M38: 待翻译：下一步可按代表题或按模型分批由我继续填入。 | N38: 期望验证: alpha estimation error if ground truth is available；field reconstruction error；PDE residual；held-out sensor error；sensitivity to noise || 常见陷阱: treats alpha as known；does not include data loss；does not constrain alpha positivity；hallucinates complete IC/BC instead of flagging missing or required conditions || 评分提醒: Do not require the model to guess the private IC/BC. Full-credit plans should state that IC/BC are needed or should be incorporated if available, and should not hallucinate unsupported values.
A39: medium_heat_inverse_alpha_009 | B39: 中等 | C39: heat_transfer | D39: inverse_parameter_estimation | E39: 1D heat equation | F39: A laboratory measures sparse, possibly noisy temperature values at space-time locations along a one-dimensional rod. The heat equation form is known, but the thermal diffusivity is unknown. Design a physics-informed modeling workflow to infer the diffusivity and reconstruct the temperature field, including any additional physical conditions that must be specified or obtained. | G39: 一个实验室在一维杆的若干时空位置测量了稀疏且可能含噪的温度值。热方程形式已知，但热扩散系数未知。请设计一个物理信息建模工作流，用于推断扩散系数并重构温度场，同时说明还需要指定或获得哪些额外物理条件。 | H39: 验证与失败风险 | I39: Validation Failure Risks | J39: GPT-5.5-Thinking | K39: Open-ai/GPT-5.5-Thinking | L39: Validate alpha using held-out sensors, residual maps, boundary/initial errors, posterior or ensemble spread, and comparison with independent material-property measurements. Failure risks include poor identifiability when u_xx is nearly zero, wrong or missing boundary conditions, unmodeled heat sources, nonconstant diffusivity, sparse sensors concentrated in low-information regions, and noise or outliers being absorbed into alpha. | N39: 期望验证: alpha estimation error if ground truth is available；field reconstruction error；PDE residual；held-out sensor error；sensitivity to noise || 常见陷阱: treats alpha as known；does not include data loss；does not constrain alpha positivity；hallucinates complete IC/BC instead of flagging missing or required conditions || 评分提醒: Do not require the model to guess the private IC/BC. Full-credit plans should state that IC/BC are needed or should be incorporated if available, and should not hallucinate unsupported values.
A40: medium_heat_inverse_alpha_009 | B40: 中等 | C40: heat_transfer | D40: inverse_parameter_estimation | E40: 1D heat equation | F40: A laboratory measures sparse, possibly noisy temperature values at space-time locations along a one-dimensional rod. The heat equation form is known, but the thermal diffusivity is unknown. Design a physics-informed modeling workflow to infer the diffusivity and reconstruct the temperature field, including any additional physical conditions that must be specified or obtained. | G40: 一个实验室在一维杆的若干时空位置测量了稀疏且可能含噪的温度值。热方程形式已知，但热扩散系数未知。请设计一个物理信息建模工作流，用于推断扩散系数并重构温度场，同时说明还需要指定或获得哪些额外物理条件。 | H40: 验证与失败风险 | I40: Validation Failure Risks | J40: Kimi-K2.6 | K40: Pro/moonshotai/Kimi-K2.6 | L40: 1. Missing BCs/ICs: Without them, the inverse problem admits infinitely many solutions; validation will reveal high PDE residuals near boundaries and unstable α estimates. 2. Non-identifiability: α is unrecoverable if measurements are steady-state, spatially uniform, or lack sufficient temporal variation. 3. Noise-sparsity trade-off: Too few points or high noise can cause overfitting to data or underfitting of physics. 4. Spectral bias and extrapolation: The network may smooth sharp initial gradients or fail outside the observed (x,t) hull. 5. Optimization traps: α may converge to local minima; mitigate with multiple random restarts. 6. Boundary layer errors: Incorrectly assumed boundary conditions produce systematic reconstruction errors at x=0 and x=L that are detectable via held-out boundary probes. | M40: 待翻译：下一步可按代表题或按模型分批由我继续填入。 | N40: 期望验证: alpha estimation error if ground truth is available；field reconstruction error；PDE residual；held-out sensor error；sensitivity to noise || 常见陷阱: treats alpha as known；does not include data loss；does not constrain alpha positivity；hallucinates complete IC/BC instead of flagging missing or required conditions || 评分提醒: Do not require the model to guess the private IC/BC. Full-credit plans should state that IC/BC are needed or should be incorporated if available, and should not hallucinate unsupported values.
A41: medium_heat_inverse_alpha_009 | B41: 中等 | C41: heat_transfer | D41: inverse_parameter_estimation | E41: 1D heat equation | F41: A laboratory measures sparse, possibly noisy temperature values at space-time locations along a one-dimensional rod. The heat equation form is known, but the thermal diffusivity is unknown. Design a physics-informed modeling workflow to infer the diffusivity and reconstruct the temperature field, including any additional physical conditions that must be specified or obtained. | G41: 一个实验室在一维杆的若干时空位置测量了稀疏且可能含噪的温度值。热方程形式已知，但热扩散系数未知。请设计一个物理信息建模工作流，用于推断扩散系数并重构温度场，同时说明还需要指定或获得哪些额外物理条件。 | H41: 验证与失败风险 | I41: Validation Failure Risks | J41: GLM-4.7 | K41: Pro/zai-org/GLM-4.7 | L41: 1. Ill-posedness: Without explicit BCs/ICs, the solution is non-unique; the model may converge to a field that fits the data but violates physical reality. 2. Noise Overfitting: Sparse, noisy data may lead the network to fit the noise rather than the trend, resulting in poor generalization of $\alpha$. 3. Spectral Bias: The network may struggle to reconstruct sharp gradients in the initial temperature profile or boundary layers. 4. Identifiability: If the data is insufficiently rich (e.g., only steady-state), $\alpha$ may not be uniquely identifiable from the loss landscape. | M41: 待翻译：下一步可按代表题或按模型分批由我继续填入。 | N41: 期望验证: alpha estimation error if ground truth is available；field reconstruction error；PDE residual；held-out sensor error；sensitivity to noise || 常见陷阱: treats alpha as known；does not include data loss；does not constrain alpha positivity；hallucinates complete IC/BC instead of flagging missing or required conditions || 评分提醒: Do not require the model to guess the private IC/BC. Full-credit plans should state that IC/BC are needed or should be incorporated if available, and should not hallucinate unsupported values.
A42: medium_wave_sparse_sensors_012 | B42: 中等 | C42: wave_propagation | D42: sparse_observation_modeling | E42: 1D wave equation | F42: A team has sparse sensor measurements of a one-dimensional wave field over time. The wave speed is known, but complete initial and boundary information may be unavailable or only partially specified. Design a physics-informed modeling workflow and state what additional information, assumptions, or identifiability checks are required. | G42: 一个团队拥有一维波场随时间变化的稀疏传感器测量。波速已知，但完整的初始信息和边界信息可能不可用，或只被部分指定。请设计一个物理信息建模工作流，并说明需要哪些额外信息、假设或可辨识性检查。 | H42: 问题形式化 | I42: Problem Formalization | J42: DeepSeek-V4-Flash | K42: deepseek-ai/DeepSeek-V4-Flash | L42: We consider a one-dimensional wave field u(x,t) governed by the wave equation u_tt = c^2 u_xx, with known wave speed c. Sparse sensor measurements provide u at a limited set of spatial locations and time points. The initial conditions u(x,0) and u_t(x,0), as well as boundary conditions, are partially or completely unknown. The goal is to reconstruct the full wave field and possibly infer missing conditions, given the sparse data and known physics. | M42: 待翻译：下一步可按代表题或按模型分批由我继续填入。 | N42: 变量: x；t；u(x,t) || 已知参数: c = 1.0 || 未知量: u(x,t) || 区域/时间: space: x in [0,1]；time: t in [0,1] || 参数取值: c: 1.0；sensor_count: 100；noise: 1 percent Gaussian noise || 评分提醒: This task is designed to reward missing-condition awareness. Do not require the model to guess the private IC/BC; penalize unsupported hallucination of complete conditions.
A43: medium_wave_sparse_sensors_012 | B43: 中等 | C43: wave_propagation | D43: sparse_observation_modeling | E43: 1D wave equation | F43: A team has sparse sensor measurements of a one-dimensional wave field over time. The wave speed is known, but complete initial and boundary information may be unavailable or only partially specified. Design a physics-informed modeling workflow and state what additional information, assumptions, or identifiability checks are required. | G43: 一个团队拥有一维波场随时间变化的稀疏传感器测量。波速已知，但完整的初始信息和边界信息可能不可用，或只被部分指定。请设计一个物理信息建模工作流，并说明需要哪些额外信息、假设或可辨识性检查。 | H43: 问题形式化 | I43: Problem Formalization | J43: GPT-5.5-Thinking | K43: Open-ai/GPT-5.5-Thinking | L43: Approximate a one-dimensional wave field u(x,t) on x in [0,L], t in [0,T] with known wave speed c and sparse sensor measurements. The governing equation is typically u_tt=c^2 u_xx. Full initial and boundary data may be incomplete, so the workflow must identify which of u(x,0), u_t(x,0), and boundary conditions are measured, prescribed, or inferred. Domain length, time window, sensor locations, and noise levels are required. | N43: 变量: x；t；u(x,t) || 已知参数: c = 1.0 || 未知量: u(x,t) || 区域/时间: space: x in [0,1]；time: t in [0,1] || 参数取值: c: 1.0；sensor_count: 100；noise: 1 percent Gaussian noise || 评分提醒: This task is designed to reward missing-condition awareness. Do not require the model to guess the private IC/BC; penalize unsupported hallucination of complete conditions.
A44: medium_wave_sparse_sensors_012 | B44: 中等 | C44: wave_propagation | D44: sparse_observation_modeling | E44: 1D wave equation | F44: A team has sparse sensor measurements of a one-dimensional wave field over time. The wave speed is known, but complete initial and boundary information may be unavailable or only partially specified. Design a physics-informed modeling workflow and state what additional information, assumptions, or identifiability checks are required. | G44: 一个团队拥有一维波场随时间变化的稀疏传感器测量。波速已知，但完整的初始信息和边界信息可能不可用，或只被部分指定。请设计一个物理信息建模工作流，并说明需要哪些额外信息、假设或可辨识性检查。 | H44: 问题形式化 | I44: Problem Formalization | J44: Kimi-K2.6 | K44: Pro/moonshotai/Kimi-K2.6 | L44: The goal is to reconstruct a 1D wave field u(x,t) satisfying u_tt = c^2 u_xx on a spatial domain and time interval [0,T], where the wave speed c is known. Available data are sparse point measurements {(x_i, t_i, u_i)}. Critical missing information includes: the complete initial state (both displacement u(x,0) and velocity u_t(x,0)), the type and values of boundary conditions at spatial endpoints, confirmation of zero sources or damping, and exact domain geometry. This makes the problem an ill-posed inverse reconstruction: the full field and latent initial/boundary functions must be inferred jointly from sparse interior observations and the PDE. | M44: 待翻译：下一步可按代表题或按模型分批由我继续填入。 | N44: 变量: x；t；u(x,t) || 已知参数: c = 1.0 || 未知量: u(x,t) || 区域/时间: space: x in [0,1]；time: t in [0,1] || 参数取值: c: 1.0；sensor_count: 100；noise: 1 percent Gaussian noise || 评分提醒: This task is designed to reward missing-condition awareness. Do not require the model to guess the private IC/BC; penalize unsupported hallucination of complete conditions.
A45: medium_wave_sparse_sensors_012 | B45: 中等 | C45: wave_propagation | D45: sparse_observation_modeling | E45: 1D wave equation | F45: A team has sparse sensor measurements of a one-dimensional wave field over time. The wave speed is known, but complete initial and boundary information may be unavailable or only partially specified. Design a physics-informed modeling workflow and state what additional information, assumptions, or identifiability checks are required. | G45: 一个团队拥有一维波场随时间变化的稀疏传感器测量。波速已知，但完整的初始信息和边界信息可能不可用，或只被部分指定。请设计一个物理信息建模工作流，并说明需要哪些额外信息、假设或可辨识性检查。 | H45: 问题形式化 | I45: Problem Formalization | J45: GLM-4.7 | K45: Pro/zai-org/GLM-4.7 | L45: The objective is to reconstruct the spatiotemporal wave field $u(x,t)$ in 1D given sparse sensor observations $\{u(x_i, t_j)\}$ and a known wave speed $c$. The system is governed by the wave equation $u_{tt} = c^2 u_{xx}$. The problem is ill-posed due to data sparsity and potentially missing initial conditions ($u(x,0), u_t(x,0)$) and boundary conditions ($u(0,t), u(L,t)$). The workflow must explicitly identify these missing constraints and determine if they can be inferred or must be assumed. | M45: 待翻译：下一步可按代表题或按模型分批由我继续填入。 | N45: 变量: x；t；u(x,t) || 已知参数: c = 1.0 || 未知量: u(x,t) || 区域/时间: space: x in [0,1]；time: t in [0,1] || 参数取值: c: 1.0；sensor_count: 100；noise: 1 percent Gaussian noise || 评分提醒: This task is designed to reward missing-condition awareness. Do not require the model to guess the private IC/BC; penalize unsupported hallucination of complete conditions.
A46: medium_wave_sparse_sensors_012 | B46: 中等 | C46: wave_propagation | D46: sparse_observation_modeling | E46: 1D wave equation | F46: A team has sparse sensor measurements of a one-dimensional wave field over time. The wave speed is known, but complete initial and boundary information may be unavailable or only partially specified. Design a physics-informed modeling workflow and state what additional information, assumptions, or identifiability checks are required. | G46: 一个团队拥有一维波场随时间变化的稀疏传感器测量。波速已知，但完整的初始信息和边界信息可能不可用，或只被部分指定。请设计一个物理信息建模工作流，并说明需要哪些额外信息、假设或可辨识性检查。 | H46: 物理约束 | I46: Physics Constraints | J46: DeepSeek-V4-Flash | K46: deepseek-ai/DeepSeek-V4-Flash | L46: The wave equation imposes a strong constraint linking temporal and spatial derivatives. Physics-informed loss terms enforce the PDE residual (u_tt - c^2 u_xx) to be near zero at collocation points. Additionally, if any boundary or initial conditions are known, they can be enforced as soft or hard constraints. The known wave speed c is a fixed parameter, reducing the number of unknowns. The sparse sensor data provide pointwise observations to anchor the solution. | M46: 待翻译：下一步可按代表题或按模型分批由我继续填入。 | N46: 标准PDE: u_tt = c^2 * u_xx, with c = 1.0 in the private reference setting || 约束: observations: 100 sparse wave-field sensors with 1 percent Gaussian noise for the private reference setting；missing_information: public task intentionally leaves full IC/BC incomplete; high-quality plans should request IC/BC or state assumptions and identifiability risks || 参考条件: private_initial: u(x,0)=sin(pi*x)；u_t(x,0)=0；private_boundary: u(0,t)=0；u(1,t)=0；observations: 100 sparse space-time sensors with 1 percent Gaussian noise || 评分提醒: This task is designed to reward missing-condition awareness. Do not require the model to guess the private IC/BC; penalize unsupported hallucination of complete conditions.
A47: medium_wave_sparse_sensors_012 | B47: 中等 | C47: wave_propagation | D47: sparse_observation_modeling | E47: 1D wave equation | F47: A team has sparse sensor measurements of a one-dimensional wave field over time. The wave speed is known, but complete initial and boundary information may be unavailable or only partially specified. Design a physics-informed modeling workflow and state what additional information, assumptions, or identifiability checks are required. | G47: 一个团队拥有一维波场随时间变化的稀疏传感器测量。波速已知，但完整的初始信息和边界信息可能不可用，或只被部分指定。请设计一个物理信息建模工作流，并说明需要哪些额外信息、假设或可辨识性检查。 | H47: 物理约束 | I47: Physics Constraints | J47: GPT-5.5-Thinking | K47: Open-ai/GPT-5.5-Thinking | L47: Enforce the wave-equation residual r=u_tt-c^2u_xx=0. Add data constraints at sensor points. Add any known initial displacement, initial velocity, and boundary conditions; if incomplete, impose physically justified assumptions such as fixed ends, free ends, absorbing boundaries, periodicity, or learnable boundary functions. Missing conditions affect uniqueness and long-time stability. | N47: 标准PDE: u_tt = c^2 * u_xx, with c = 1.0 in the private reference setting || 约束: observations: 100 sparse wave-field sensors with 1 percent Gaussian noise for the private reference setting；missing_information: public task intentionally leaves full IC/BC incomplete; high-quality plans should request IC/BC or state assumptions and identifiability risks || 参考条件: private_initial: u(x,0)=sin(pi*x)；u_t(x,0)=0；private_boundary: u(0,t)=0；u(1,t)=0；observations: 100 sparse space-time sensors with 1 percent Gaussian noise || 评分提醒: This task is designed to reward missing-condition awareness. Do not require the model to guess the private IC/BC; penalize unsupported hallucination of complete conditions.
A48: medium_wave_sparse_sensors_012 | B48: 中等 | C48: wave_propagation | D48: sparse_observation_modeling | E48: 1D wave equation | F48: A team has sparse sensor measurements of a one-dimensional wave field over time. The wave speed is known, but complete initial and boundary information may be unavailable or only partially specified. Design a physics-informed modeling workflow and state what additional information, assumptions, or identifiability checks are required. | G48: 一个团队拥有一维波场随时间变化的稀疏传感器测量。波速已知，但完整的初始信息和边界信息可能不可用，或只被部分指定。请设计一个物理信息建模工作流，并说明需要哪些额外信息、假设或可辨识性检查。 | H48: 物理约束 | I48: Physics Constraints | J48: Kimi-K2.6 | K48: Pro/moonshotai/Kimi-K2.6 | L48: The hard constraint is the wave equation residual R = u_tt - c^2 u_xx = 0 in the interior. Characteristic lines x ± ct dictate finite-speed information propagation, so sensor coverage must intersect the domains of dependence of any missing initial or boundary data. If the medium is non-dissipative, total mechanical energy E(t) = 1/2 ∫ (u_t^2 + c^2 u_x^2) dx is conserved. Because initial and boundary conditions are incomplete, the solution is not unique without additional assumptions. Required assumptions are: (1) c is constant and known (if spatially varying, it becomes an unknown coefficient field); (2) no unmodeled sources or damping; (3) missing initial and boundary traces are sufficiently smooth to be parameterized. Identifiability requires that sensors resolve both left- and right-traveling characteristic components; otherwise the missing conditions cannot be disambiguated. | M48: 待翻译：下一步可按代表题或按模型分批由我继续填入。 | N48: 标准PDE: u_tt = c^2 * u_xx, with c = 1.0 in the private reference setting || 约束: observations: 100 sparse wave-field sensors with 1 percent Gaussian noise for the private reference setting；missing_information: public task intentionally leaves full IC/BC incomplete; high-quality plans should request IC/BC or state assumptions and identifiability risks || 参考条件: private_initial: u(x,0)=sin(pi*x)；u_t(x,0)=0；private_boundary: u(0,t)=0；u(1,t)=0；observations: 100 sparse space-time sensors with 1 percent Gaussian noise || 评分提醒: This task is designed to reward missing-condition awareness. Do not require the model to guess the private IC/BC; penalize unsupported hallucination of complete conditions.
A49: medium_wave_sparse_sensors_012 | B49: 中等 | C49: wave_propagation | D49: sparse_observation_modeling | E49: 1D wave equation | F49: A team has sparse sensor measurements of a one-dimensional wave field over time. The wave speed is known, but complete initial and boundary information may be unavailable or only partially specified. Design a physics-informed modeling workflow and state what additional information, assumptions, or identifiability checks are required. | G49: 一个团队拥有一维波场随时间变化的稀疏传感器测量。波速已知，但完整的初始信息和边界信息可能不可用，或只被部分指定。请设计一个物理信息建模工作流，并说明需要哪些额外信息、假设或可辨识性检查。 | H49: 物理约束 | I49: Physics Constraints | J49: GLM-4.7 | K49: Pro/zai-org/GLM-4.7 | L49: The core constraint is the PDE residual $R = u_{tt} - c^2 u_{xx} = 0$. Boundary conditions (BCs) and initial conditions (ICs) are necessary for well-posedness. If BCs are unknown, the workflow requires assumptions (e.g., Dirichlet, Neumann, periodic) or the inclusion of boundary values as trainable parameters. If ICs are unknown, the model relies on the sparse data and PDE constraint to infer the state, provided the temporal coverage is sufficient for identifiability. | M49: 待翻译：下一步可按代表题或按模型分批由我继续填入。 | N49: 标准PDE: u_tt = c^2 * u_xx, with c = 1.0 in the private reference setting || 约束: observations: 100 sparse wave-field sensors with 1 percent Gaussian noise for the private reference setting；missing_information: public task intentionally leaves full IC/BC incomplete; high-quality plans should request IC/BC or state assumptions and identifiability risks || 参考条件: private_initial: u(x,0)=sin(pi*x)；u_t(x,0)=0；private_boundary: u(0,t)=0；u(1,t)=0；observations: 100 sparse space-time sensors with 1 percent Gaussian noise || 评分提醒: This task is designed to reward missing-condition awareness. Do not require the model to guess the private IC/BC; penalize unsupported hallucination of complete conditions.
A50: medium_wave_sparse_sensors_012 | B50: 中等 | C50: wave_propagation | D50: sparse_observation_modeling | E50: 1D wave equation | F50: A team has sparse sensor measurements of a one-dimensional wave field over time. The wave speed is known, but complete initial and boundary information may be unavailable or only partially specified. Design a physics-informed modeling workflow and state what additional information, assumptions, or identifiability checks are required. | G50: 一个团队拥有一维波场随时间变化的稀疏传感器测量。波速已知，但完整的初始信息和边界信息可能不可用，或只被部分指定。请设计一个物理信息建模工作流，并说明需要哪些额外信息、假设或可辨识性检查。 | H50: 模型选择 | I50: Model Choice | J50: DeepSeek-V4-Flash | K50: deepseek-ai/DeepSeek-V4-Flash | L50: A physics-informed neural network (PINN) is appropriate because it can incorporate the wave equation as a soft constraint and handle sparse, irregularly spaced data. The network takes (x,t) as inputs and outputs u(x,t). Automatic differentiation computes the PDE residual. This approach does not require a grid or explicit time-stepping, making it suitable for sparse sensor configurations. Alternative methods like finite differences would require dense initial/boundary data or interpolation, which is unreliable here. | M50: 待翻译：下一步可按代表题或按模型分批由我继续填入。 | N50: 可接受模型选择: PINN with sensor data loss；physics-informed data assimilation model || 评分提醒: This task is designed to reward missing-condition awareness. Do not require the model to guess the private IC/BC; penalize unsupported hallucination of complete conditions.
A51: medium_wave_sparse_sensors_012 | B51: 中等 | C51: wave_propagation | D51: sparse_observation_modeling | E51: 1D wave equation | F51: A team has sparse sensor measurements of a one-dimensional wave field over time. The wave speed is known, but complete initial and boundary information may be unavailable or only partially specified. Design a physics-informed modeling workflow and state what additional information, assumptions, or identifiability checks are required. | G51: 一个团队拥有一维波场随时间变化的稀疏传感器测量。波速已知，但完整的初始信息和边界信息可能不可用，或只被部分指定。请设计一个物理信息建模工作流，并说明需要哪些额外信息、假设或可辨识性检查。 | H51: 模型选择 | I51: Model Choice | J51: GPT-5.5-Thinking | K51: Open-ai/GPT-5.5-Thinking | L51: Use a data-assimilating PINN mapping (x,t) to u_theta(x,t). This suits sparse observations because the PDE provides a strong dynamic constraint, while data anchor phase and amplitude. For long-time or high-frequency waves, a SIREN/Fourier-feature network or time-windowed PINN is preferable to a plain MLP to reduce phase error. | N51: 可接受模型选择: PINN with sensor data loss；physics-informed data assimilation model || 评分提醒: This task is designed to reward missing-condition awareness. Do not require the model to guess the private IC/BC; penalize unsupported hallucination of complete conditions.
A52: medium_wave_sparse_sensors_012 | B52: 中等 | C52: wave_propagation | D52: sparse_observation_modeling | E52: 1D wave equation | F52: A team has sparse sensor measurements of a one-dimensional wave field over time. The wave speed is known, but complete initial and boundary information may be unavailable or only partially specified. Design a physics-informed modeling workflow and state what additional information, assumptions, or identifiability checks are required. | G52: 一个团队拥有一维波场随时间变化的稀疏传感器测量。波速已知，但完整的初始信息和边界信息可能不可用，或只被部分指定。请设计一个物理信息建模工作流，并说明需要哪些额外信息、假设或可辨识性检查。 | H52: 模型选择 | I52: Model Choice | J52: Kimi-K2.6 | K52: Pro/moonshotai/Kimi-K2.6 | L52: Adopt a Physics-Informed Neural Network (PINN) with a fully-connected architecture for u_θ(x,t). PINNs are chosen because they naturally handle unstructured sparse observations without a mesh and allow soft enforcement of the PDE alongside unknown conditions. Missing initial and boundary data are co-parameterized as auxiliary networks or latent vectors (e.g., u(x,0;φ), u_t(x,0;ψ), and boundary traces u(x_b,t;η)). To mitigate spectral bias in oscillatory wave problems, use Fourier feature positional encoding or sinusoidal activations. Pure operator-learning approaches (FNO/DeepONet) are rejected because sparse sensors provide insufficient training pairs for operator learning. | M52: 待翻译：下一步可按代表题或按模型分批由我继续填入。 | N52: 可接受模型选择: PINN with sensor data loss；physics-informed data assimilation model || 评分提醒: This task is designed to reward missing-condition awareness. Do not require the model to guess the private IC/BC; penalize unsupported hallucination of complete conditions.
A53: medium_wave_sparse_sensors_012 | B53: 中等 | C53: wave_propagation | D53: sparse_observation_modeling | E53: 1D wave equation | F53: A team has sparse sensor measurements of a one-dimensional wave field over time. The wave speed is known, but complete initial and boundary information may be unavailable or only partially specified. Design a physics-informed modeling workflow and state what additional information, assumptions, or identifiability checks are required. | G53: 一个团队拥有一维波场随时间变化的稀疏传感器测量。波速已知，但完整的初始信息和边界信息可能不可用，或只被部分指定。请设计一个物理信息建模工作流，并说明需要哪些额外信息、假设或可辨识性检查。 | H53: 模型选择 | I53: Model Choice | J53: GLM-4.7 | K53: Pro/zai-org/GLM-4.7 | L53: A Physics-Informed Neural Network (PINN) is selected. A fully connected network with inputs $(x,t)$ and output $u$ will approximate the solution. Sinusoidal or Swish activation functions are preferred to capture wave-like oscillations. The model minimizes a composite loss function $L = \lambda_{data} L_{data} + \lambda_{pde} L_{pde} + \lambda_{bc} L_{bc} + \lambda_{ic} L_{ic}$, allowing the physics to regularize the solution in regions lacking data. | M53: 待翻译：下一步可按代表题或按模型分批由我继续填入。 | N53: 可接受模型选择: PINN with sensor data loss；physics-informed data assimilation model || 评分提醒: This task is designed to reward missing-condition awareness. Do not require the model to guess the private IC/BC; penalize unsupported hallucination of complete conditions.
A54: medium_wave_sparse_sensors_012 | B54: 中等 | C54: wave_propagation | D54: sparse_observation_modeling | E54: 1D wave equation | F54: A team has sparse sensor measurements of a one-dimensional wave field over time. The wave speed is known, but complete initial and boundary information may be unavailable or only partially specified. Design a physics-informed modeling workflow and state what additional information, assumptions, or identifiability checks are required. | G54: 一个团队拥有一维波场随时间变化的稀疏传感器测量。波速已知，但完整的初始信息和边界信息可能不可用，或只被部分指定。请设计一个物理信息建模工作流，并说明需要哪些额外信息、假设或可辨识性检查。 | H54: 训练策略 | I54: Training Strategy | J54: DeepSeek-V4-Flash | K54: deepseek-ai/DeepSeek-V4-Flash | L54: The loss function combines: (1) PDE residual loss at collocation points sampled in the domain, (2) data loss at sensor locations, and (3) optional loss for known boundary/initial conditions. Collocation points can be sampled via Latin hypercube or adaptive sampling to focus on regions with high residuals. Use a multi-stage training approach: first train with a higher weight on data loss to fit observations, then increase PDE loss weight to enforce physics. Optimize with Adam followed by L-BFGS for fine-tuning. Normalize inputs and outputs to improve conditioning. | M54: 待翻译：下一步可按代表题或按模型分批由我继续填入。 | N54: 期望loss项: wave-equation residual loss；sensor data loss；initial condition loss if available；boundary condition loss if available || 期望训练策略: do not invent missing IC/BC without stating assumptions；use sparse sensor measurements as observation loss；sample collocation points across space-time；analyze identifiability under incomplete IC/BC and sparse observations；use held-out sensors for validation || 评分提醒: This task is designed to reward missing-condition awareness. Do not require the model to guess the private IC/BC; penalize unsupported hallucination of complete conditions.
A55: medium_wave_sparse_sensors_012 | B55: 中等 | C55: wave_propagation | D55: sparse_observation_modeling | E55: 1D wave equation | F55: A team has sparse sensor measurements of a one-dimensional wave field over time. The wave speed is known, but complete initial and boundary information may be unavailable or only partially specified. Design a physics-informed modeling workflow and state what additional information, assumptions, or identifiability checks are required. | G55: 一个团队拥有一维波场随时间变化的稀疏传感器测量。波速已知，但完整的初始信息和边界信息可能不可用，或只被部分指定。请设计一个物理信息建模工作流，并说明需要哪些额外信息、假设或可辨识性检查。 | H55: 训练策略 | I55: Training Strategy | J55: GPT-5.5-Thinking | K55: Open-ai/GPT-5.5-Thinking | L55: Use L=lambda_data L_sensor+lambda_f MSE(u_tt-c^2u_xx)+lambda_ic L_ic_known+lambda_bc L_bc_known_or_learned. Sample collocation points over space-time, oversample near sensors, boundaries, and early time if initial data exist. Use robust loss for noisy sensors, Adam then L-BFGS, and consider sequential time slabs or causal weighting to prevent later-time errors from dominating. | N55: 期望loss项: wave-equation residual loss；sensor data loss；initial condition loss if available；boundary condition loss if available || 期望训练策略: do not invent missing IC/BC without stating assumptions；use sparse sensor measurements as observation loss；sample collocation points across space-time；analyze identifiability under incomplete IC/BC and sparse observations；use held-out sensors for validation || 评分提醒: This task is designed to reward missing-condition awareness. Do not require the model to guess the private IC/BC; penalize unsupported hallucination of complete conditions.
A56: medium_wave_sparse_sensors_012 | B56: 中等 | C56: wave_propagation | D56: sparse_observation_modeling | E56: 1D wave equation | F56: A team has sparse sensor measurements of a one-dimensional wave field over time. The wave speed is known, but complete initial and boundary information may be unavailable or only partially specified. Design a physics-informed modeling workflow and state what additional information, assumptions, or identifiability checks are required. | G56: 一个团队拥有一维波场随时间变化的稀疏传感器测量。波速已知，但完整的初始信息和边界信息可能不可用，或只被部分指定。请设计一个物理信息建模工作流，并说明需要哪些额外信息、假设或可辨识性检查。 | H56: 训练策略 | I56: Training Strategy | J56: Kimi-K2.6 | K56: Pro/moonshotai/Kimi-K2.6 | L56: Define a composite loss L = λ_data L_data + λ_pde L_pde + λ_ic L_ic + λ_bc L_bc + λ_en L_energy. L_data is MSE on sparse sensors; L_pde is the squared residual on interior collocation points; L_ic and L_bc penalize deviations from parameterized or partially known initial/boundary data; L_energy regularizes energy drift. Use Sobol sequences for collocation and residual-based adaptive refinement (RAR) to add points where |R[u]| is large, especially near boundaries and sensors. Enforce temporal causality via time-marching or causal weights that increase with time. Optimize with Adam followed by L-BFGS fine-tuning, with gradient clipping for stability. Conduct identifiability ablations: withhold sensor subsets, verify forward consistency of inferred initial conditions, and confirm that characteristic lines through sensors cover the reconstruction domain. | M56: 待翻译：下一步可按代表题或按模型分批由我继续填入。 | N56: 期望loss项: wave-equation residual loss；sensor data loss；initial condition loss if available；boundary condition loss if available || 期望训练策略: do not invent missing IC/BC without stating assumptions；use sparse sensor measurements as observation loss；sample collocation points across space-time；analyze identifiability under incomplete IC/BC and sparse observations；use held-out sensors for validation || 评分提醒: This task is designed to reward missing-condition awareness. Do not require the model to guess the private IC/BC; penalize unsupported hallucination of complete conditions.
A57: medium_wave_sparse_sensors_012 | B57: 中等 | C57: wave_propagation | D57: sparse_observation_modeling | E57: 1D wave equation | F57: A team has sparse sensor measurements of a one-dimensional wave field over time. The wave speed is known, but complete initial and boundary information may be unavailable or only partially specified. Design a physics-informed modeling workflow and state what additional information, assumptions, or identifiability checks are required. | G57: 一个团队拥有一维波场随时间变化的稀疏传感器测量。波速已知，但完整的初始信息和边界信息可能不可用，或只被部分指定。请设计一个物理信息建模工作流，并说明需要哪些额外信息、假设或可辨识性检查。 | H57: 训练策略 | I57: Training Strategy | J57: GLM-4.7 | K57: Pro/zai-org/GLM-4.7 | L57: Optimization uses a weighted loss balancing data fidelity and physics adherence. Collocation points are sampled randomly (Latin Hypercube) across the domain to enforce the PDE. Sensor points are used for the data loss. If BCs/ICs are missing, a sensitivity analysis is required: attempt to train with only data and PDE loss; if the solution diverges or is non-unique, introduce parameterized BCs/ICs and optimize them. The training schedule should use Adam for initial progress followed by L-BFGS for fine-tuning. | M57: 待翻译：下一步可按代表题或按模型分批由我继续填入。 | N57: 期望loss项: wave-equation residual loss；sensor data loss；initial condition loss if available；boundary condition loss if available || 期望训练策略: do not invent missing IC/BC without stating assumptions；use sparse sensor measurements as observation loss；sample collocation points across space-time；analyze identifiability under incomplete IC/BC and sparse observations；use held-out sensors for validation || 评分提醒: This task is designed to reward missing-condition awareness. Do not require the model to guess the private IC/BC; penalize unsupported hallucination of complete conditions.
A58: medium_wave_sparse_sensors_012 | B58: 中等 | C58: wave_propagation | D58: sparse_observation_modeling | E58: 1D wave equation | F58: A team has sparse sensor measurements of a one-dimensional wave field over time. The wave speed is known, but complete initial and boundary information may be unavailable or only partially specified. Design a physics-informed modeling workflow and state what additional information, assumptions, or identifiability checks are required. | G58: 一个团队拥有一维波场随时间变化的稀疏传感器测量。波速已知，但完整的初始信息和边界信息可能不可用，或只被部分指定。请设计一个物理信息建模工作流，并说明需要哪些额外信息、假设或可辨识性检查。 | H58: 验证与失败风险 | I58: Validation Failure Risks | J58: DeepSeek-V4-Flash | K58: deepseek-ai/DeepSeek-V4-Flash | L58: Key risks: (1) Non-uniqueness due to missing initial/boundary conditions—multiple wave fields may match sparse data and the PDE. Identifiability checks (e.g., sensitivity analysis, testing with synthetic data) are needed. (2) Overfitting to sensor noise if data loss weight is too high. (3) Failure to converge if collocation points are poorly distributed or if the network architecture is insufficient. (4) Inability to capture high-frequency components if the wave speed is large relative to sensor spacing. Validation should use held-out sensor data (if available) and check physical consistency (e.g., energy conservation). | M58: 待翻译：下一步可按代表题或按模型分批由我继续填入。 | N58: 期望验证: held-out sensor error；PDE residual；boundary and initial condition error if those conditions are provided；phase and amplitude error；uncertainty or sensitivity analysis under missing conditions || 常见陷阱: hallucinates complete IC/BC；ignores missing-condition uncertainty；uses only data loss without physics；does not discuss identifiability || 评分提醒: This task is designed to reward missing-condition awareness. Do not require the model to guess the private IC/BC; penalize unsupported hallucination of complete conditions.
A59: medium_wave_sparse_sensors_012 | B59: 中等 | C59: wave_propagation | D59: sparse_observation_modeling | E59: 1D wave equation | F59: A team has sparse sensor measurements of a one-dimensional wave field over time. The wave speed is known, but complete initial and boundary information may be unavailable or only partially specified. Design a physics-informed modeling workflow and state what additional information, assumptions, or identifiability checks are required. | G59: 一个团队拥有一维波场随时间变化的稀疏传感器测量。波速已知，但完整的初始信息和边界信息可能不可用，或只被部分指定。请设计一个物理信息建模工作流，并说明需要哪些额外信息、假设或可辨识性检查。 | H59: 验证与失败风险 | I59: Validation Failure Risks | J59: GPT-5.5-Thinking | K59: Open-ai/GPT-5.5-Thinking | L59: Validate on held-out sensors, residual maps, boundary-condition error, phase speed, and energy behavior when applicable. Risks include nonuniqueness from missing IC/BC, phase drift, sensor aliasing if measurements are too sparse, inability to capture high-frequency modes, and learned boundary functions compensating for wrong physics. Additional physical conditions are required before treating the reconstruction as unique. | N59: 期望验证: held-out sensor error；PDE residual；boundary and initial condition error if those conditions are provided；phase and amplitude error；uncertainty or sensitivity analysis under missing conditions || 常见陷阱: hallucinates complete IC/BC；ignores missing-condition uncertainty；uses only data loss without physics；does not discuss identifiability || 评分提醒: This task is designed to reward missing-condition awareness. Do not require the model to guess the private IC/BC; penalize unsupported hallucination of complete conditions.
A60: medium_wave_sparse_sensors_012 | B60: 中等 | C60: wave_propagation | D60: sparse_observation_modeling | E60: 1D wave equation | F60: A team has sparse sensor measurements of a one-dimensional wave field over time. The wave speed is known, but complete initial and boundary information may be unavailable or only partially specified. Design a physics-informed modeling workflow and state what additional information, assumptions, or identifiability checks are required. | G60: 一个团队拥有一维波场随时间变化的稀疏传感器测量。波速已知，但完整的初始信息和边界信息可能不可用，或只被部分指定。请设计一个物理信息建模工作流，并说明需要哪些额外信息、假设或可辨识性检查。 | H60: 验证与失败风险 | I60: Validation Failure Risks | J60: Kimi-K2.6 | K60: Pro/moonshotai/Kimi-K2.6 | L60: Primary risks: (1) Non-uniqueness/ill-posedness: sensors may be too sparse or aligned with wave nodes, preventing disambiguation of missing ICs/BCs. (2) Spectral bias: PINNs tend to underfit high-frequency modes, producing overly smooth or dispersive approximations. (3) Causality violation: without sequential training, early-time predictions may be incorrect despite fitting late-time sensors. (4) Boundary reflection artifacts: incorrectly inferred BCs can inject non-physical reflected energy. (5) Extrapolation failure: reconstruction is impossible outside the characteristic cones informed by data. Validation must use held-out sensor error, PDE residual norm, energy conservation error, and characteristic-tracing consistency checks. | M60: 待翻译：下一步可按代表题或按模型分批由我继续填入。 | N60: 期望验证: held-out sensor error；PDE residual；boundary and initial condition error if those conditions are provided；phase and amplitude error；uncertainty or sensitivity analysis under missing conditions || 常见陷阱: hallucinates complete IC/BC；ignores missing-condition uncertainty；uses only data loss without physics；does not discuss identifiability || 评分提醒: This task is designed to reward missing-condition awareness. Do not require the model to guess the private IC/BC; penalize unsupported hallucination of complete conditions.
A61: medium_wave_sparse_sensors_012 | B61: 中等 | C61: wave_propagation | D61: sparse_observation_modeling | E61: 1D wave equation | F61: A team has sparse sensor measurements of a one-dimensional wave field over time. The wave speed is known, but complete initial and boundary information may be unavailable or only partially specified. Design a physics-informed modeling workflow and state what additional information, assumptions, or identifiability checks are required. | G61: 一个团队拥有一维波场随时间变化的稀疏传感器测量。波速已知，但完整的初始信息和边界信息可能不可用，或只被部分指定。请设计一个物理信息建模工作流，并说明需要哪些额外信息、假设或可辨识性检查。 | H61: 验证与失败风险 | I61: Validation Failure Risks | J61: GLM-4.7 | K61: Pro/zai-org/GLM-4.7 | L61: Primary risks include solution non-uniqueness due to under-specified boundaries or initial states, leading to physically implausible reconstructions. The model may overfit to sparse sensor noise if the PDE weight is too low. An incorrect wave speed $c$ will cause phase errors. Validation metrics must include the PDE residual on a hold-out set of collocation points and, if possible, verification of wave characteristics (e.g., dispersion relation) at sensor locations. | M61: 待翻译：下一步可按代表题或按模型分批由我继续填入。 | N61: 期望验证: held-out sensor error；PDE residual；boundary and initial condition error if those conditions are provided；phase and amplitude error；uncertainty or sensitivity analysis under missing conditions || 常见陷阱: hallucinates complete IC/BC；ignores missing-condition uncertainty；uses only data loss without physics；does not discuss identifiability || 评分提醒: This task is designed to reward missing-condition awareness. Do not require the model to guess the private IC/BC; penalize unsupported hallucination of complete conditions.
A62: hard_cahn_hilliard_017 | B62: 困难 | C62: phase_field | D62: high_order_pde_modeling | E62: Cahn-Hilliard equation | F62: A researcher wants to model a conserved phase-field process governed by a Cahn-Hilliard-type equation. The PDE is fourth order, the dynamics should preserve mass over time, and training high-order derivatives may be difficult. Design a physics-informed modeling workflow for this high-order system. | G62: 一位研究者希望建模由 Cahn-Hilliard 型方程控制的守恒相场过程。该 PDE 是四阶方程，动力学应随时间保持质量守恒，而训练高阶导数可能较困难。请为这个高阶系统设计一个物理信息建模工作流。 | H62: 问题形式化 | I62: Problem Formalization | J62: DeepSeek-V4-Flash | K62: deepseek-ai/DeepSeek-V4-Flash | L62: The Cahn-Hilliard equation is a fourth-order parabolic PDE describing phase separation in a conserved field. The general form is ∂φ/∂t = ∇·(M(φ)∇μ), where μ = f'(φ) - ε²∇²φ is the chemical potential, f(φ) is a double-well potential, and M(φ) is mobility. The fourth-order term arises from ∇²(∇²φ). The problem lacks specification of initial/boundary conditions, domain geometry, potential form, mobility, and material parameters (ε, M). These must be assumed or provided by the researcher. The key physics constraint is mass conservation: ∫φ dV = constant. | M62: 待翻译：下一步可按代表题或按模型分批由我继续填入。 | N62: 变量: x；t；u(x,t)；mu(x,t)；epsilon || 已知参数: epsilon = 0.01 || 未知量: u(x,t)；chemical potential mu(x,t) if mixed formulation is used || 区域/时间: space: x in [0,1]；time: t in [0,1] || 参数取值: epsilon: 0.01 || 评分提醒: For full credit, require an auxiliary-variable or mixed formulation and explicit mass-conservation validation. Direct fourth-order PINN can receive partial credit if it addresses derivative burden and conservation.
A63: hard_cahn_hilliard_017 | B63: 困难 | C63: phase_field | D63: high_order_pde_modeling | E63: Cahn-Hilliard equation | F63: A researcher wants to model a conserved phase-field process governed by a Cahn-Hilliard-type equation. The PDE is fourth order, the dynamics should preserve mass over time, and training high-order derivatives may be difficult. Design a physics-informed modeling workflow for this high-order system. | G63: 一位研究者希望建模由 Cahn-Hilliard 型方程控制的守恒相场过程。该 PDE 是四阶方程，动力学应随时间保持质量守恒，而训练高阶导数可能较困难。请为这个高阶系统设计一个物理信息建模工作流。 | H63: 问题形式化 | I63: Problem Formalization | J63: GPT-5.5-Thinking | K63: Open-ai/GPT-5.5-Thinking | L63: Approximate a conserved phase-field variable u(x,t) governed by a Cahn-Hilliard-type system, typically u_t=div(M grad mu), mu=F'(u)-epsilon^2 Delta u, which is equivalent to a fourth-order PDE. The domain, time interval, mobility M, potential F, epsilon, initial condition, and boundary conditions must be specified. The workflow must preserve total mass over time. | N63: 变量: x；t；u(x,t)；mu(x,t)；epsilon || 已知参数: epsilon = 0.01 || 未知量: u(x,t)；chemical potential mu(x,t) if mixed formulation is used || 区域/时间: space: x in [0,1]；time: t in [0,1] || 参数取值: epsilon: 0.01 || 评分提醒: For full credit, require an auxiliary-variable or mixed formulation and explicit mass-conservation validation. Direct fourth-order PINN can receive partial credit if it addresses derivative burden and conservation.
A64: hard_cahn_hilliard_017 | B64: 困难 | C64: phase_field | D64: high_order_pde_modeling | E64: Cahn-Hilliard equation | F64: A researcher wants to model a conserved phase-field process governed by a Cahn-Hilliard-type equation. The PDE is fourth order, the dynamics should preserve mass over time, and training high-order derivatives may be difficult. Design a physics-informed modeling workflow for this high-order system. | G64: 一位研究者希望建模由 Cahn-Hilliard 型方程控制的守恒相场过程。该 PDE 是四阶方程，动力学应随时间保持质量守恒，而训练高阶导数可能较困难。请为这个高阶系统设计一个物理信息建模工作流。 | H64: 问题形式化 | I64: Problem Formalization | J64: Kimi-K2.6 | K64: Pro/moonshotai/Kimi-K2.6 | L64: The objective is to model a conserved phase-field c(x,t) governed by the Cahn-Hilliard equation ∂_t c = ∇·(M(c)∇(f'(c) − ε²Δc)), a fourth-order nonlinear PDE. Critical unspecified elements are: domain geometry and spatial dimension; boundary conditions (essential for controlling high-order derivatives and ensuring mass conservation); initial condition; the specific free-energy density f(c) and mobility M(c); parameter values (ε, M); and the observation setting (data availability, density, noise level, and whether the task is forward prediction or inverse parameter estimation). These omissions prevent definitive choices on sampling density, loss weighting, and identifiability. The workflow must therefore be modular, accommodating both data-free and sparse-data regimes while treating boundary and initial conditions as configurable inputs whose absence introduces a major sensitivity risk. | M64: 待翻译：下一步可按代表题或按模型分批由我继续填入。 | N64: 变量: x；t；u(x,t)；mu(x,t)；epsilon || 已知参数: epsilon = 0.01 || 未知量: u(x,t)；chemical potential mu(x,t) if mixed formulation is used || 区域/时间: space: x in [0,1]；time: t in [0,1] || 参数取值: epsilon: 0.01 || 评分提醒: For full credit, require an auxiliary-variable or mixed formulation and explicit mass-conservation validation. Direct fourth-order PINN can receive partial credit if it addresses derivative burden and conservation.
A65: hard_cahn_hilliard_017 | B65: 困难 | C65: phase_field | D65: high_order_pde_modeling | E65: Cahn-Hilliard equation | F65: A researcher wants to model a conserved phase-field process governed by a Cahn-Hilliard-type equation. The PDE is fourth order, the dynamics should preserve mass over time, and training high-order derivatives may be difficult. Design a physics-informed modeling workflow for this high-order system. | G65: 一位研究者希望建模由 Cahn-Hilliard 型方程控制的守恒相场过程。该 PDE 是四阶方程，动力学应随时间保持质量守恒，而训练高阶导数可能较困难。请为这个高阶系统设计一个物理信息建模工作流。 | H65: 问题形式化 | I65: Problem Formalization | J65: GLM-4.7 | K65: Pro/zai-org/GLM-4.7 | L65: The task involves modeling the Cahn-Hilliard equation, a fourth-order nonlinear PDE describing phase separation. The governing equations are $\partial_t c = \nabla \cdot (M \nabla \mu)$ and $\mu = f'(c) - \epsilon^2 \nabla^2 c$, where $c$ is the concentration order parameter, $\mu$ is the chemical potential, $M$ is mobility, and $\epsilon$ is the interface width parameter. Missing specifications include the domain geometry (1D/2D/3D), boundary conditions (BCs), initial condition $c_0(x)$, and specific parameter values ($M, \epsilon$). The workflow will assume a generic domain $\Omega$ and periodic or zero-flux Neumann BCs ($\nabla c \cdot n = 0, \nabla \mu \cdot n = 0$) if not provided, as these are standard for conserved dynamics. | M65: 待翻译：下一步可按代表题或按模型分批由我继续填入。 | N65: 变量: x；t；u(x,t)；mu(x,t)；epsilon || 已知参数: epsilon = 0.01 || 未知量: u(x,t)；chemical potential mu(x,t) if mixed formulation is used || 区域/时间: space: x in [0,1]；time: t in [0,1] || 参数取值: epsilon: 0.01 || 评分提醒: For full credit, require an auxiliary-variable or mixed formulation and explicit mass-conservation validation. Direct fourth-order PINN can receive partial credit if it addresses derivative burden and conservation.
A66: hard_cahn_hilliard_017 | B66: 困难 | C66: phase_field | D66: high_order_pde_modeling | E66: Cahn-Hilliard equation | F66: A researcher wants to model a conserved phase-field process governed by a Cahn-Hilliard-type equation. The PDE is fourth order, the dynamics should preserve mass over time, and training high-order derivatives may be difficult. Design a physics-informed modeling workflow for this high-order system. | G66: 一位研究者希望建模由 Cahn-Hilliard 型方程控制的守恒相场过程。该 PDE 是四阶方程，动力学应随时间保持质量守恒，而训练高阶导数可能较困难。请为这个高阶系统设计一个物理信息建模工作流。 | H66: 物理约束 | I66: Physics Constraints | J66: DeepSeek-V4-Flash | K66: deepseek-ai/DeepSeek-V4-Flash | L66: Mass conservation is enforced by the flux form of the equation. In a physics-informed neural network (PINN) framework, this can be imposed as a soft constraint via a loss term penalizing deviation from initial total mass over time. Additionally, the chemical potential μ must be continuous and differentiable. Boundary conditions (e.g., no-flux or periodic) must be specified to ensure conservation. The double-well potential f(φ) = (φ²-1)²/4 is typical but not given; if unknown, it must be learned or assumed. The mobility M(φ) may be constant or concentration-dependent. | M66: 待翻译：下一步可按代表题或按模型分批由我继续填入。 | N66: 标准PDE: u_t = Delta(mu), mu = u^3 - u - epsilon^2 * Delta u, with epsilon = 0.01 || 约束: initial_condition: initial phase field is given；boundary_conditions: periodic boundary conditions for u and mu in the private reference setting；conservation: total mass of u should be conserved over time || 参考条件: initial: given conserved phase-field IC; choose smooth random zero-mean perturbation if execution validation is used；boundary: periodic boundary conditions for u and mu；conservation: integral of u over the domain should remain constant || 评分提醒: For full credit, require an auxiliary-variable or mixed formulation and explicit mass-conservation validation. Direct fourth-order PINN can receive partial credit if it addresses derivative burden and conservation.
A67: hard_cahn_hilliard_017 | B67: 困难 | C67: phase_field | D67: high_order_pde_modeling | E67: Cahn-Hilliard equation | F67: A researcher wants to model a conserved phase-field process governed by a Cahn-Hilliard-type equation. The PDE is fourth order, the dynamics should preserve mass over time, and training high-order derivatives may be difficult. Design a physics-informed modeling workflow for this high-order system. | G67: 一位研究者希望建模由 Cahn-Hilliard 型方程控制的守恒相场过程。该 PDE 是四阶方程，动力学应随时间保持质量守恒，而训练高阶导数可能较困难。请为这个高阶系统设计一个物理信息建模工作流。 | H67: 物理约束 | I67: Physics Constraints | J67: GPT-5.5-Thinking | K67: Open-ai/GPT-5.5-Thinking | L67: Enforce the coupled residuals r1=u_t-div(M grad mu)=0 and r2=mu-F'(u)+epsilon^2 Delta u=0, or enforce the fourth-order equation directly. Boundary conditions commonly require no-flux for both chemical potential and phase gradient, or periodicity. Mass conservation integral int u dx should remain constant, and free energy should dissipate for standard Cahn-Hilliard dynamics. | N67: 标准PDE: u_t = Delta(mu), mu = u^3 - u - epsilon^2 * Delta u, with epsilon = 0.01 || 约束: initial_condition: initial phase field is given；boundary_conditions: periodic boundary conditions for u and mu in the private reference setting；conservation: total mass of u should be conserved over time || 参考条件: initial: given conserved phase-field IC; choose smooth random zero-mean perturbation if execution validation is used；boundary: periodic boundary conditions for u and mu；conservation: integral of u over the domain should remain constant || 评分提醒: For full credit, require an auxiliary-variable or mixed formulation and explicit mass-conservation validation. Direct fourth-order PINN can receive partial credit if it addresses derivative burden and conservation.
A68: hard_cahn_hilliard_017 | B68: 困难 | C68: phase_field | D68: high_order_pde_modeling | E68: Cahn-Hilliard equation | F68: A researcher wants to model a conserved phase-field process governed by a Cahn-Hilliard-type equation. The PDE is fourth order, the dynamics should preserve mass over time, and training high-order derivatives may be difficult. Design a physics-informed modeling workflow for this high-order system. | G68: 一位研究者希望建模由 Cahn-Hilliard 型方程控制的守恒相场过程。该 PDE 是四阶方程，动力学应随时间保持质量守恒，而训练高阶导数可能较困难。请为这个高阶系统设计一个物理信息建模工作流。 | H68: 物理约束 | I68: Physics Constraints | J68: Kimi-K2.6 | K68: Pro/moonshotai/Kimi-K2.6 | L68: Mass conservation ∫_Ω c(x,t) dx = constant must hold globally and is typically guaranteed by no-flux boundary conditions (∇c·n = ∇μ·n = 0), which are currently unspecified. Thermodynamic consistency requires free-energy dissipation dF/dt ≤ 0. The phase variable should remain in a physically admissible range (e.g., [−1,1]). Because the PDE is fourth-order, solution smoothness is mandatory, and derivative accuracy is sensitive to boundary treatment. Without specified boundary conditions, strong enforcement of no-flux is an unverified assumption that can directly compromise conservation. The workflow must therefore treat mass conservation as both a soft penalty and a diagnostic metric, and it must flag boundary-condition uncertainty as a primary source of physical error. | M68: 待翻译：下一步可按代表题或按模型分批由我继续填入。 | N68: 标准PDE: u_t = Delta(mu), mu = u^3 - u - epsilon^2 * Delta u, with epsilon = 0.01 || 约束: initial_condition: initial phase field is given；boundary_conditions: periodic boundary conditions for u and mu in the private reference setting；conservation: total mass of u should be conserved over time || 参考条件: initial: given conserved phase-field IC; choose smooth random zero-mean perturbation if execution validation is used；boundary: periodic boundary conditions for u and mu；conservation: integral of u over the domain should remain constant || 评分提醒: For full credit, require an auxiliary-variable or mixed formulation and explicit mass-conservation validation. Direct fourth-order PINN can receive partial credit if it addresses derivative burden and conservation.
A69: hard_cahn_hilliard_017 | B69: 困难 | C69: phase_field | D69: high_order_pde_modeling | E69: Cahn-Hilliard equation | F69: A researcher wants to model a conserved phase-field process governed by a Cahn-Hilliard-type equation. The PDE is fourth order, the dynamics should preserve mass over time, and training high-order derivatives may be difficult. Design a physics-informed modeling workflow for this high-order system. | G69: 一位研究者希望建模由 Cahn-Hilliard 型方程控制的守恒相场过程。该 PDE 是四阶方程，动力学应随时间保持质量守恒，而训练高阶导数可能较困难。请为这个高阶系统设计一个物理信息建模工作流。 | H69: 物理约束 | I69: Physics Constraints | J69: GLM-4.7 | K69: Pro/zai-org/GLM-4.7 | L69: The primary constraints are: 1) Mass Conservation: The integral of $c$ over the domain must remain constant over time ($\frac{d}{dt} \int_\Omega c \, dx = 0$). 2) Free Energy Dissipation: The system should minimize the Ginzburg-Landau free energy, implying $\frac{dF}{dt} \leq 0$. 3) Fourth-Order Physics: The system requires computing fourth-order spatial derivatives, which imposes strict smoothness requirements on the solution and challenges numerical stability. 4) Boundary Conditions: Two sets of boundary conditions are required (e.g., for $c$ and $\mu$) to close the fourth-order problem. | M69: 待翻译：下一步可按代表题或按模型分批由我继续填入。 | N69: 标准PDE: u_t = Delta(mu), mu = u^3 - u - epsilon^2 * Delta u, with epsilon = 0.01 || 约束: initial_condition: initial phase field is given；boundary_conditions: periodic boundary conditions for u and mu in the private reference setting；conservation: total mass of u should be conserved over time || 参考条件: initial: given conserved phase-field IC; choose smooth random zero-mean perturbation if execution validation is used；boundary: periodic boundary conditions for u and mu；conservation: integral of u over the domain should remain constant || 评分提醒: For full credit, require an auxiliary-variable or mixed formulation and explicit mass-conservation validation. Direct fourth-order PINN can receive partial credit if it addresses derivative burden and conservation.
A70: hard_cahn_hilliard_017 | B70: 困难 | C70: phase_field | D70: high_order_pde_modeling | E70: Cahn-Hilliard equation | F70: A researcher wants to model a conserved phase-field process governed by a Cahn-Hilliard-type equation. The PDE is fourth order, the dynamics should preserve mass over time, and training high-order derivatives may be difficult. Design a physics-informed modeling workflow for this high-order system. | G70: 一位研究者希望建模由 Cahn-Hilliard 型方程控制的守恒相场过程。该 PDE 是四阶方程，动力学应随时间保持质量守恒，而训练高阶导数可能较困难。请为这个高阶系统设计一个物理信息建模工作流。 | H70: 模型选择 | I70: Model Choice | J70: DeepSeek-V4-Flash | K70: deepseek-ai/DeepSeek-V4-Flash | L70: A PINN with automatic differentiation is suitable for solving the fourth-order PDE without mesh generation. However, computing fourth-order derivatives via AD can be numerically unstable. To mitigate, we can decompose the equation into two second-order PDEs: ∂φ/∂t = ∇·(M∇μ) and μ = f'(φ) - ε²∇²φ. This reduces the maximum derivative order to two, improving training stability. The neural network outputs φ(x,t) and μ(x,t) (or only φ, with μ computed via AD). A multi-output network or separate networks can be used. The architecture should include sufficient depth (e.g., 4-6 hidden layers, 50-100 neurons) and activation functions like tanh or Swish for smooth derivatives. | M70: 待翻译：下一步可按代表题或按模型分批由我继续填入。 | N70: 可接受模型选择: mixed-form PINN with auxiliary chemical potential；PINN with auxiliary variable mu；domain-decomposition or adaptive PINN for stiff phase-field dynamics || 评分提醒: For full credit, require an auxiliary-variable or mixed formulation and explicit mass-conservation validation. Direct fourth-order PINN can receive partial credit if it addresses derivative burden and conservation.
A71: hard_cahn_hilliard_017 | B71: 困难 | C71: phase_field | D71: high_order_pde_modeling | E71: Cahn-Hilliard equation | F71: A researcher wants to model a conserved phase-field process governed by a Cahn-Hilliard-type equation. The PDE is fourth order, the dynamics should preserve mass over time, and training high-order derivatives may be difficult. Design a physics-informed modeling workflow for this high-order system. | G71: 一位研究者希望建模由 Cahn-Hilliard 型方程控制的守恒相场过程。该 PDE 是四阶方程，动力学应随时间保持质量守恒，而训练高阶导数可能较困难。请为这个高阶系统设计一个物理信息建模工作流。 | H71: 模型选择 | I71: Model Choice | J71: GPT-5.5-Thinking | K71: Open-ai/GPT-5.5-Thinking | L71: Use a mixed-form PINN with two outputs, u_theta and mu_theta, rather than a direct fourth-order residual. This lowers derivative order, improves numerical stability, and fits the conserved high-order structure. For sharp interfaces, use Fourier features, adaptive sampling, domain decomposition, or weak-form PINNs to reduce instability from high derivatives. | N71: 可接受模型选择: mixed-form PINN with auxiliary chemical potential；PINN with auxiliary variable mu；domain-decomposition or adaptive PINN for stiff phase-field dynamics || 评分提醒: For full credit, require an auxiliary-variable or mixed formulation and explicit mass-conservation validation. Direct fourth-order PINN can receive partial credit if it addresses derivative burden and conservation.
A72: hard_cahn_hilliard_017 | B72: 困难 | C72: phase_field | D72: high_order_pde_modeling | E72: Cahn-Hilliard equation | F72: A researcher wants to model a conserved phase-field process governed by a Cahn-Hilliard-type equation. The PDE is fourth order, the dynamics should preserve mass over time, and training high-order derivatives may be difficult. Design a physics-informed modeling workflow for this high-order system. | G72: 一位研究者希望建模由 Cahn-Hilliard 型方程控制的守恒相场过程。该 PDE 是四阶方程，动力学应随时间保持质量守恒，而训练高阶导数可能较困难。请为这个高阶系统设计一个物理信息建模工作流。 | H72: 模型选择 | I72: Model Choice | J72: Kimi-K2.6 | K72: Pro/moonshotai/Kimi-K2.6 | L72: Use a mixed physics-informed neural network (PINN) formulation with two coupled networks—one approximating concentration c and one approximating chemical potential μ—rather than a single network for the fourth-order equation. This splits the problem into two second-order PDEs, avoiding direct automatic differentiation of fourth-order derivatives and reducing gradient pathology. Employ smooth activations (tanh or Swish) and Fourier feature embeddings to resolve sharp interfacial gradients. If abundant high-fidelity simulation data were available (unspecified), a Fourier Neural Operator could be considered as a downstream surrogate, but the core physics-informed workflow should rely on the mixed PINN because it explicitly encodes the PDE structure and can operate with sparse or no data. All computations should use float64 to stabilize second-derivative evaluations. | M72: 待翻译：下一步可按代表题或按模型分批由我继续填入。 | N72: 可接受模型选择: mixed-form PINN with auxiliary chemical potential；PINN with auxiliary variable mu；domain-decomposition or adaptive PINN for stiff phase-field dynamics || 评分提醒: For full credit, require an auxiliary-variable or mixed formulation and explicit mass-conservation validation. Direct fourth-order PINN can receive partial credit if it addresses derivative burden and conservation.
A73: hard_cahn_hilliard_017 | B73: 困难 | C73: phase_field | D73: high_order_pde_modeling | E73: Cahn-Hilliard equation | F73: A researcher wants to model a conserved phase-field process governed by a Cahn-Hilliard-type equation. The PDE is fourth order, the dynamics should preserve mass over time, and training high-order derivatives may be difficult. Design a physics-informed modeling workflow for this high-order system. | G73: 一位研究者希望建模由 Cahn-Hilliard 型方程控制的守恒相场过程。该 PDE 是四阶方程，动力学应随时间保持质量守恒，而训练高阶导数可能较困难。请为这个高阶系统设计一个物理信息建模工作流。 | H73: 模型选择 | I73: Model Choice | J73: GLM-4.7 | K73: Pro/zai-org/GLM-4.7 | L73: To mitigate the difficulty of training fourth-order derivatives, the model will use a system formulation that decomposes the fourth-order equation into two second-order equations. A single neural network $NN_c(x,t)$ with SIREN (Sinusoidal Representation Networks) activation functions will be used to predict the concentration field $c$. SIREN is chosen for its ability to represent high-frequency derivatives and complex phase boundaries better than standard Tanh/ReLU networks. The chemical potential $\mu$ will be computed analytically from the network output using automatic differentiation ($\mu = NN_c^3 - NN_c - \epsilon^2 \nabla^2 NN_c$). This approach reduces the order of automatic differentiation required during backpropagation and improves stability. | M73: 待翻译：下一步可按代表题或按模型分批由我继续填入。 | N73: 可接受模型选择: mixed-form PINN with auxiliary chemical potential；PINN with auxiliary variable mu；domain-decomposition or adaptive PINN for stiff phase-field dynamics || 评分提醒: For full credit, require an auxiliary-variable or mixed formulation and explicit mass-conservation validation. Direct fourth-order PINN can receive partial credit if it addresses derivative burden and conservation.
A74: hard_cahn_hilliard_017 | B74: 困难 | C74: phase_field | D74: high_order_pde_modeling | E74: Cahn-Hilliard equation | F74: A researcher wants to model a conserved phase-field process governed by a Cahn-Hilliard-type equation. The PDE is fourth order, the dynamics should preserve mass over time, and training high-order derivatives may be difficult. Design a physics-informed modeling workflow for this high-order system. | G74: 一位研究者希望建模由 Cahn-Hilliard 型方程控制的守恒相场过程。该 PDE 是四阶方程，动力学应随时间保持质量守恒，而训练高阶导数可能较困难。请为这个高阶系统设计一个物理信息建模工作流。 | H74: 训练策略 | I74: Training Strategy | J74: DeepSeek-V4-Flash | K74: deepseek-ai/DeepSeek-V4-Flash | L74: The loss function combines PDE residuals for both equations, mass conservation penalty, and boundary/initial condition losses. Sampling: use Latin hypercube or random collocation points in the spatiotemporal domain, with higher density near boundaries and initial time. For mass conservation, compute total mass at multiple time snapshots and penalize deviation from initial mass. Use adaptive loss weighting (e.g., gradient-based or uncertainty weighting) to balance terms. Optimizer: Adam initially, then L-BFGS for fine-tuning. To handle high-order derivatives, use mixed-precision training or gradient clipping. Validation: monitor mass conservation error and solution smoothness. | M74: 待翻译：下一步可按代表题或按模型分批由我继续填入。 | N74: 期望loss项: mass-conserving Cahn-Hilliard residual loss；auxiliary chemical-potential consistency loss；initial condition loss；periodic boundary loss for u and mu；mass conservation diagnostic or penalty || 期望训练策略: use auxiliary-variable or mixed formulation to avoid direct fourth-order autodiff when possible；address stiffness and mass conservation；sample interfaces adaptively；balance PDE residual, auxiliary consistency, boundary, and conservation terms；monitor long-time drift || 评分提醒: For full credit, require an auxiliary-variable or mixed formulation and explicit mass-conservation validation. Direct fourth-order PINN can receive partial credit if it addresses derivative burden and conservation.
A75: hard_cahn_hilliard_017 | B75: 困难 | C75: phase_field | D75: high_order_pde_modeling | E75: Cahn-Hilliard equation | F75: A researcher wants to model a conserved phase-field process governed by a Cahn-Hilliard-type equation. The PDE is fourth order, the dynamics should preserve mass over time, and training high-order derivatives may be difficult. Design a physics-informed modeling workflow for this high-order system. | G75: 一位研究者希望建模由 Cahn-Hilliard 型方程控制的守恒相场过程。该 PDE 是四阶方程，动力学应随时间保持质量守恒，而训练高阶导数可能较困难。请为这个高阶系统设计一个物理信息建模工作流。 | H75: 训练策略 | I75: Training Strategy | J75: GPT-5.5-Thinking | K75: Open-ai/GPT-5.5-Thinking | L75: Minimize L=lambda_1 MSE(r1)+lambda_2 MSE(r2)+lambda_ic L_ic+lambda_bc L_bc+lambda_mass MSE(mean(u_theta)-mean(u0))+optional energy-dissipation penalty. Sample interior points, boundary points for no-flux or periodic constraints, and interface-enriched points based on gradients or residuals. Use nondimensionalization, Adam followed by L-BFGS, time-slab training, adaptive weights, and monitor derivative magnitudes. | N75: 期望loss项: mass-conserving Cahn-Hilliard residual loss；auxiliary chemical-potential consistency loss；initial condition loss；periodic boundary loss for u and mu；mass conservation diagnostic or penalty || 期望训练策略: use auxiliary-variable or mixed formulation to avoid direct fourth-order autodiff when possible；address stiffness and mass conservation；sample interfaces adaptively；balance PDE residual, auxiliary consistency, boundary, and conservation terms；monitor long-time drift || 评分提醒: For full credit, require an auxiliary-variable or mixed formulation and explicit mass-conservation validation. Direct fourth-order PINN can receive partial credit if it addresses derivative burden and conservation.
A76: hard_cahn_hilliard_017 | B76: 困难 | C76: phase_field | D76: high_order_pde_modeling | E76: Cahn-Hilliard equation | F76: A researcher wants to model a conserved phase-field process governed by a Cahn-Hilliard-type equation. The PDE is fourth order, the dynamics should preserve mass over time, and training high-order derivatives may be difficult. Design a physics-informed modeling workflow for this high-order system. | G76: 一位研究者希望建模由 Cahn-Hilliard 型方程控制的守恒相场过程。该 PDE 是四阶方程，动力学应随时间保持质量守恒，而训练高阶导数可能较困难。请为这个高阶系统设计一个物理信息建模工作流。 | H76: 训练策略 | I76: Training Strategy | J76: Kimi-K2.6 | K76: Pro/moonshotai/Kimi-K2.6 | L76: Define a composite loss: L_μ penalizes the residual of μ − f'(c) + ε²Δc, and L_c penalizes ∂_t c − ∇·(M(c)∇μ). Add a global mass-conservation penalty L_mass = |∫_Ω c(t)dx − ∫_Ω c(0)dx|² evaluated at multiple time slices, and an energy-dissipation penalty L_energy = max(0, dF/dt) to enforce thermodynamic consistency. Use quasi-random space-time collocation (Sobol sequences) with adaptive refinement near diffuse interfaces. Apply curriculum training: begin with early-time windows where gradients are stable, then progressively extend the time horizon. Optimize with Adam for initial exploration, followed by L-BFGS for precise residual minimization; use adaptive loss weighting (e.g., NTK balancing or GradNorm) to prevent the high-order PDE terms from dominating or vanishing. If boundary conditions remain unspecified, implement a parametric boundary-loss module that can be toggled between Neumann, periodic, or Dirichlet assumptions. | M76: 待翻译：下一步可按代表题或按模型分批由我继续填入。 | N76: 期望loss项: mass-conserving Cahn-Hilliard residual loss；auxiliary chemical-potential consistency loss；initial condition loss；periodic boundary loss for u and mu；mass conservation diagnostic or penalty || 期望训练策略: use auxiliary-variable or mixed formulation to avoid direct fourth-order autodiff when possible；address stiffness and mass conservation；sample interfaces adaptively；balance PDE residual, auxiliary consistency, boundary, and conservation terms；monitor long-time drift || 评分提醒: For full credit, require an auxiliary-variable or mixed formulation and explicit mass-conservation validation. Direct fourth-order PINN can receive partial credit if it addresses derivative burden and conservation.
A77: hard_cahn_hilliard_017 | B77: 困难 | C77: phase_field | D77: high_order_pde_modeling | E77: Cahn-Hilliard equation | F77: A researcher wants to model a conserved phase-field process governed by a Cahn-Hilliard-type equation. The PDE is fourth order, the dynamics should preserve mass over time, and training high-order derivatives may be difficult. Design a physics-informed modeling workflow for this high-order system. | G77: 一位研究者希望建模由 Cahn-Hilliard 型方程控制的守恒相场过程。该 PDE 是四阶方程，动力学应随时间保持质量守恒，而训练高阶导数可能较困难。请为这个高阶系统设计一个物理信息建模工作流。 | H77: 训练策略 | I77: Training Strategy | J77: GLM-4.7 | K77: Pro/zai-org/GLM-4.7 | L77: The loss function is defined as $L = \lambda_{eq1} L_{eq1} + \lambda_{eq2} L_{eq2} + \lambda_{IC} L_{IC} + \lambda_{BC} L_{BC} + \lambda_{mass} L_{mass}$. $L_{eq1}$ enforces the chemical potential definition, and $L_{eq2}$ enforces the conservation law. A specific soft constraint $L_{mass} = || \int_\Omega c(x,t) dx - \int_\Omega c_0(x) dx ||^2$ is added to penalize mass drift. Collocation points will be sampled using Sobol sequences. To handle stiffness, the training will use a two-stage optimizer: Adam for initial feature learning followed by L-BFGS for high-precision convergence. Gradient clipping will be applied to prevent exploding gradients from high-order terms. | M77: 待翻译：下一步可按代表题或按模型分批由我继续填入。 | N77: 期望loss项: mass-conserving Cahn-Hilliard residual loss；auxiliary chemical-potential consistency loss；initial condition loss；periodic boundary loss for u and mu；mass conservation diagnostic or penalty || 期望训练策略: use auxiliary-variable or mixed formulation to avoid direct fourth-order autodiff when possible；address stiffness and mass conservation；sample interfaces adaptively；balance PDE residual, auxiliary consistency, boundary, and conservation terms；monitor long-time drift || 评分提醒: For full credit, require an auxiliary-variable or mixed formulation and explicit mass-conservation validation. Direct fourth-order PINN can receive partial credit if it addresses derivative burden and conservation.
A78: hard_cahn_hilliard_017 | B78: 困难 | C78: phase_field | D78: high_order_pde_modeling | E78: Cahn-Hilliard equation | F78: A researcher wants to model a conserved phase-field process governed by a Cahn-Hilliard-type equation. The PDE is fourth order, the dynamics should preserve mass over time, and training high-order derivatives may be difficult. Design a physics-informed modeling workflow for this high-order system. | G78: 一位研究者希望建模由 Cahn-Hilliard 型方程控制的守恒相场过程。该 PDE 是四阶方程，动力学应随时间保持质量守恒，而训练高阶导数可能较困难。请为这个高阶系统设计一个物理信息建模工作流。 | H78: 验证与失败风险 | I78: Validation Failure Risks | J78: DeepSeek-V4-Flash | K78: deepseek-ai/DeepSeek-V4-Flash | L78: 1) Numerical instability from fourth-order derivatives if not decomposed; 2) Failure to conserve mass due to insufficient penalty weight or poor sampling; 3) Non-uniqueness of solution if boundary conditions are missing; 4) Overfitting to collocation points if network capacity is too high; 5) Difficulty in capturing sharp interfaces if ε is small (requires adaptive sampling or domain decomposition). Mitigations: use the second-order decomposition, enforce mass conservation strongly via a projection step or hard constraint, and validate against analytical solutions (e.g., 1D tanh profile) if available. | M78: 待翻译：下一步可按代表题或按模型分批由我继续填入。 | N78: 期望验证: mass conservation error；field error against numerical reference；PDE residual；chemical-potential consistency error；interface morphology comparison || 常见陷阱: treats it as Allen-Cahn；ignores fourth-order nature；omits mass conservation；does not handle high-order derivatives or mixed formulation；omits chemical potential consistency || 评分提醒: For full credit, require an auxiliary-variable or mixed formulation and explicit mass-conservation validation. Direct fourth-order PINN can receive partial credit if it addresses derivative burden and conservation.
A79: hard_cahn_hilliard_017 | B79: 困难 | C79: phase_field | D79: high_order_pde_modeling | E79: Cahn-Hilliard equation | F79: A researcher wants to model a conserved phase-field process governed by a Cahn-Hilliard-type equation. The PDE is fourth order, the dynamics should preserve mass over time, and training high-order derivatives may be difficult. Design a physics-informed modeling workflow for this high-order system. | G79: 一位研究者希望建模由 Cahn-Hilliard 型方程控制的守恒相场过程。该 PDE 是四阶方程，动力学应随时间保持质量守恒，而训练高阶导数可能较困难。请为这个高阶系统设计一个物理信息建模工作流。 | H79: 验证与失败风险 | I79: Validation Failure Risks | J79: GPT-5.5-Thinking | K79: Open-ai/GPT-5.5-Thinking | L79: Validate mass conservation, free-energy decay, interface morphology, residuals of both mixed equations, and comparison with an energy-stable solver. Failure risks include mass drift, inaccurate fourth-order derivatives, interface smearing, stiffness for small epsilon, boundary flux leakage, and nonphysical energy increase from loss imbalance or insufficient sampling. | N79: 期望验证: mass conservation error；field error against numerical reference；PDE residual；chemical-potential consistency error；interface morphology comparison || 常见陷阱: treats it as Allen-Cahn；ignores fourth-order nature；omits mass conservation；does not handle high-order derivatives or mixed formulation；omits chemical potential consistency || 评分提醒: For full credit, require an auxiliary-variable or mixed formulation and explicit mass-conservation validation. Direct fourth-order PINN can receive partial credit if it addresses derivative burden and conservation.
A80: hard_cahn_hilliard_017 | B80: 困难 | C80: phase_field | D80: high_order_pde_modeling | E80: Cahn-Hilliard equation | F80: A researcher wants to model a conserved phase-field process governed by a Cahn-Hilliard-type equation. The PDE is fourth order, the dynamics should preserve mass over time, and training high-order derivatives may be difficult. Design a physics-informed modeling workflow for this high-order system. | G80: 一位研究者希望建模由 Cahn-Hilliard 型方程控制的守恒相场过程。该 PDE 是四阶方程，动力学应随时间保持质量守恒，而训练高阶导数可能较困难。请为这个高阶系统设计一个物理信息建模工作流。 | H80: 验证与失败风险 | I80: Validation Failure Risks | J80: Kimi-K2.6 | K80: Pro/moonshotai/Kimi-K2.6 | L80: Key risks are: (1) residual mass drift if the true boundary conditions differ from the assumed no-flux condition; (2) thermodynamic inconsistency (energy increase) due to insufficient collocation resolution or optimizer stagnation in metastable regimes; (3) smeared interfaces and incorrect coarsening dynamics from spectral bias, especially given the high-order derivatives; (4) unidentifiable parameters (ε, M) in an inverse setting if observation data is missing or too sparse; (5) long-time instability from accumulation of flux errors; and (6) numerical instability in automatic differentiation for second-order terms even within the mixed formulation. Validation must monitor global mass versus time, free-energy trajectory, L² PDE residuals, and interface thickness, with explicit sensitivity analyses tied to the missing boundary-condition and parameter specifications. | M80: 待翻译：下一步可按代表题或按模型分批由我继续填入。 | N80: 期望验证: mass conservation error；field error against numerical reference；PDE residual；chemical-potential consistency error；interface morphology comparison || 常见陷阱: treats it as Allen-Cahn；ignores fourth-order nature；omits mass conservation；does not handle high-order derivatives or mixed formulation；omits chemical potential consistency || 评分提醒: For full credit, require an auxiliary-variable or mixed formulation and explicit mass-conservation validation. Direct fourth-order PINN can receive partial credit if it addresses derivative burden and conservation.
A81: hard_cahn_hilliard_017 | B81: 困难 | C81: phase_field | D81: high_order_pde_modeling | E81: Cahn-Hilliard equation | F81: A researcher wants to model a conserved phase-field process governed by a Cahn-Hilliard-type equation. The PDE is fourth order, the dynamics should preserve mass over time, and training high-order derivatives may be difficult. Design a physics-informed modeling workflow for this high-order system. | G81: 一位研究者希望建模由 Cahn-Hilliard 型方程控制的守恒相场过程。该 PDE 是四阶方程，动力学应随时间保持质量守恒，而训练高阶导数可能较困难。请为这个高阶系统设计一个物理信息建模工作流。 | H81: 验证与失败风险 | I81: Validation Failure Risks | J81: GLM-4.7 | K81: Pro/zai-org/GLM-4.7 | L81: Key risks include: 1) Mass Leakage: The PINN may fail to strictly conserve mass, drifting away from the physical solution over long time horizons. 2) Spectral Bias: The network may struggle to resolve sharp interfaces between phases, resulting in blurred solutions. 3) Derivative Instability: Numerical errors in computing high-order derivatives via automatic differentiation can lead to training instability or convergence to incorrect local minima. 4) Boundary Condition Violation: Simultaneously satisfying boundary conditions for both $c$ and $\mu$ can be difficult, potentially causing artifacts near domain walls. Validation metrics must include global mass conservation error and energy dissipation rate alongside standard $L_2$ residuals. | M81: 待翻译：下一步可按代表题或按模型分批由我继续填入。 | N81: 期望验证: mass conservation error；field error against numerical reference；PDE residual；chemical-potential consistency error；interface morphology comparison || 常见陷阱: treats it as Allen-Cahn；ignores fourth-order nature；omits mass conservation；does not handle high-order derivatives or mixed formulation；omits chemical potential consistency || 评分提醒: For full credit, require an auxiliary-variable or mixed formulation and explicit mass-conservation validation. Direct fourth-order PINN can receive partial credit if it addresses derivative burden and conservation.
A82: hard_helmholtz_high_frequency_020 | B82: 困难 | C82: wave_physics | D82: high_frequency_frequency_domain_modeling | E82: Helmholtz equation | F82: A researcher wants to solve a frequency-domain Helmholtz problem in a bounded two-dimensional domain with a known source term and prescribed boundary conditions. The solution may be highly oscillatory at high wave numbers. Design a physics-informed modeling workflow and discuss training and validation risks. | G82: 一位研究者希望在有界二维区域中求解频域 Helmholtz 问题，其中源项已知，边界条件已给定。在高波数下，解可能高度振荡。请设计一个物理信息建模工作流，并讨论训练和验证风险。 | H82: 问题形式化 | I82: Problem Formalization | J82: DeepSeek-V4-Flash | K82: deepseek-ai/DeepSeek-V4-Flash | L82: The problem is to solve the frequency-domain Helmholtz equation ∇²u + k²u = f in a bounded 2D domain Ω, with prescribed boundary conditions (e.g., Dirichlet, Neumann, or Robin) and known source term f. The wave number k is high, leading to highly oscillatory solutions. The domain geometry and specific boundary condition type are not specified, which affects the choice of sampling and loss weighting. The solution u is complex-valued in general. | M82: 待翻译：下一步可按代表题或按模型分批由我继续填入。 | N82: 变量: x；y；u(x,y)；k || 已知参数: wave number k = 20；source term f(x,y)=sin(pi*x)*sin(pi*y) || 未知量: u(x,y) || 区域/时间: space: (x,y) in [0,1]^2；time: frequency-domain, not time-dependent || 参数取值: k: 20；source: sin(pi*x)*sin(pi*y) || 评分提醒: Full-credit plans should explicitly address high-frequency spectral bias and points-per-wavelength sampling. Exact private k/source are not required from public input unless exposed later.
A83: hard_helmholtz_high_frequency_020 | B83: 困难 | C83: wave_physics | D83: high_frequency_frequency_domain_modeling | E83: Helmholtz equation | F83: A researcher wants to solve a frequency-domain Helmholtz problem in a bounded two-dimensional domain with a known source term and prescribed boundary conditions. The solution may be highly oscillatory at high wave numbers. Design a physics-informed modeling workflow and discuss training and validation risks. | G83: 一位研究者希望在有界二维区域中求解频域 Helmholtz 问题，其中源项已知，边界条件已给定。在高波数下，解可能高度振荡。请设计一个物理信息建模工作流，并讨论训练和验证风险。 | H83: 问题形式化 | I83: Problem Formalization | J83: GPT-5.5-Thinking | K83: Open-ai/GPT-5.5-Thinking | L83: Solve a frequency-domain Helmholtz problem for field u(x) on a specified domain Omega with prescribed boundary conditions, typically Delta u+k^2 n^2(x)u=s(x) or Delta u+k^2u=f. The solution may be highly oscillatory for large wave number k. The domain geometry, wave number, medium index or coefficient field, source term, boundary condition type, and whether u is real or complex must be specified. | N83: 变量: x；y；u(x,y)；k || 已知参数: wave number k = 20；source term f(x,y)=sin(pi*x)*sin(pi*y) || 未知量: u(x,y) || 区域/时间: space: (x,y) in [0,1]^2；time: frequency-domain, not time-dependent || 参数取值: k: 20；source: sin(pi*x)*sin(pi*y) || 评分提醒: Full-credit plans should explicitly address high-frequency spectral bias and points-per-wavelength sampling. Exact private k/source are not required from public input unless exposed later.
A84: hard_helmholtz_high_frequency_020 | B84: 困难 | C84: wave_physics | D84: high_frequency_frequency_domain_modeling | E84: Helmholtz equation | F84: A researcher wants to solve a frequency-domain Helmholtz problem in a bounded two-dimensional domain with a known source term and prescribed boundary conditions. The solution may be highly oscillatory at high wave numbers. Design a physics-informed modeling workflow and discuss training and validation risks. | G84: 一位研究者希望在有界二维区域中求解频域 Helmholtz 问题，其中源项已知，边界条件已给定。在高波数下，解可能高度振荡。请设计一个物理信息建模工作流，并讨论训练和验证风险。 | H84: 问题形式化 | I84: Problem Formalization | J84: Kimi-K2.6 | K84: Pro/moonshotai/Kimi-K2.6 | L84: Solve the 2D Helmholtz equation Δu + k²u = f in a bounded domain Ω ⊂ ℝ² with a known source f and prescribed boundary conditions on ∂Ω. The wave number k is high, so u is highly oscillatory with wavelength λ = 2π/k. The exact geometry of Ω, the specific boundary condition type (Dirichlet, Neumann, Robin, or impedance), the numerical value of k, and whether the problem is scalar or vector are unspecified. Without the geometry, collocation placement and boundary parameterization are undefined; without the BC type, the loss term and well-posedness analysis cannot be finalized; and without k, the required network capacity and sampling density are unknown. The goal is to learn a surrogate u_θ that satisfies the PDE and BCs with high fidelity despite the high frequency. | M84: 待翻译：下一步可按代表题或按模型分批由我继续填入。 | N84: 变量: x；y；u(x,y)；k || 已知参数: wave number k = 20；source term f(x,y)=sin(pi*x)*sin(pi*y) || 未知量: u(x,y) || 区域/时间: space: (x,y) in [0,1]^2；time: frequency-domain, not time-dependent || 参数取值: k: 20；source: sin(pi*x)*sin(pi*y) || 评分提醒: Full-credit plans should explicitly address high-frequency spectral bias and points-per-wavelength sampling. Exact private k/source are not required from public input unless exposed later.
A85: hard_helmholtz_high_frequency_020 | B85: 困难 | C85: wave_physics | D85: high_frequency_frequency_domain_modeling | E85: Helmholtz equation | F85: A researcher wants to solve a frequency-domain Helmholtz problem in a bounded two-dimensional domain with a known source term and prescribed boundary conditions. The solution may be highly oscillatory at high wave numbers. Design a physics-informed modeling workflow and discuss training and validation risks. | G85: 一位研究者希望在有界二维区域中求解频域 Helmholtz 问题，其中源项已知，边界条件已给定。在高波数下，解可能高度振荡。请设计一个物理信息建模工作流，并讨论训练和验证风险。 | H85: 问题形式化 | I85: Problem Formalization | J85: GLM-4.7 | K85: Pro/zai-org/GLM-4.7 | L85: The objective is to solve the frequency-domain Helmholtz equation $\nabla^2 u(x,y) + k^2 u(x,y) = f(x,y)$ in a bounded 2D domain $\Omega$. The solution $u$ is complex-valued, and the wavenumber $k$ is large, implying a highly oscillatory solution with wavelength $\lambda = 2\pi/k$. Missing specifications include the exact geometry of $\Omega$, the specific functional form of the source term $f$, and the type and values of the prescribed boundary conditions (Dirichlet, Neumann, or Robin) on $\partial \Omega$. These parameters must be defined to instantiate the specific physics loss. | M85: 待翻译：下一步可按代表题或按模型分批由我继续填入。 | N85: 变量: x；y；u(x,y)；k || 已知参数: wave number k = 20；source term f(x,y)=sin(pi*x)*sin(pi*y) || 未知量: u(x,y) || 区域/时间: space: (x,y) in [0,1]^2；time: frequency-domain, not time-dependent || 参数取值: k: 20；source: sin(pi*x)*sin(pi*y) || 评分提醒: Full-credit plans should explicitly address high-frequency spectral bias and points-per-wavelength sampling. Exact private k/source are not required from public input unless exposed later.
A86: hard_helmholtz_high_frequency_020 | B86: 困难 | C86: wave_physics | D86: high_frequency_frequency_domain_modeling | E86: Helmholtz equation | F86: A researcher wants to solve a frequency-domain Helmholtz problem in a bounded two-dimensional domain with a known source term and prescribed boundary conditions. The solution may be highly oscillatory at high wave numbers. Design a physics-informed modeling workflow and discuss training and validation risks. | G86: 一位研究者希望在有界二维区域中求解频域 Helmholtz 问题，其中源项已知，边界条件已给定。在高波数下，解可能高度振荡。请设计一个物理信息建模工作流，并讨论训练和验证风险。 | H86: 物理约束 | I86: Physics Constraints | J86: DeepSeek-V4-Flash | K86: deepseek-ai/DeepSeek-V4-Flash | L86: The model must satisfy the Helmholtz PDE at collocation points in Ω, and the boundary conditions on ∂Ω. For high k, the solution oscillates with wavelength ~2π/k, requiring dense sampling to resolve. The loss function should include a PDE residual term (real and imaginary parts) and a boundary condition term. Additional constraints may include continuity of u and its normal derivative across internal interfaces if the domain is heterogeneous, but no such heterogeneity is specified. | M86: 待翻译：下一步可按代表题或按模型分批由我继续填入。 | N86: 标准PDE: Delta u + k^2 * u = f on [0,1]^2, with k = 20 and f(x,y)=sin(pi*x)*sin(pi*y) in the private reference setting || 约束: boundary_conditions: homogeneous Dirichlet boundary condition u=0 on the boundary of [0,1]^2；geometry: [0,1]^2 square domain for the private reference setting || 参考条件: boundary: u=0 on boundary of [0,1]^2；geometry: unit square || 评分提醒: Full-credit plans should explicitly address high-frequency spectral bias and points-per-wavelength sampling. Exact private k/source are not required from public input unless exposed later.
A87: hard_helmholtz_high_frequency_020 | B87: 困难 | C87: wave_physics | D87: high_frequency_frequency_domain_modeling | E87: Helmholtz equation | F87: A researcher wants to solve a frequency-domain Helmholtz problem in a bounded two-dimensional domain with a known source term and prescribed boundary conditions. The solution may be highly oscillatory at high wave numbers. Design a physics-informed modeling workflow and discuss training and validation risks. | G87: 一位研究者希望在有界二维区域中求解频域 Helmholtz 问题，其中源项已知，边界条件已给定。在高波数下，解可能高度振荡。请设计一个物理信息建模工作流，并讨论训练和验证风险。 | H87: 物理约束 | I87: Physics Constraints | J87: GPT-5.5-Thinking | K87: Open-ai/GPT-5.5-Thinking | L87: Enforce the Helmholtz residual with the chosen sign convention and coefficients. Boundary constraints may be Dirichlet, Neumann, Robin/impedance, or absorbing radiation conditions. For complex fields, enforce residuals for real and imaginary parts or use a complex-valued network. High-frequency solutions require sufficient spatial resolution relative to wavelength; missing medium coefficients or boundary conditions make the problem ill-posed. | N87: 标准PDE: Delta u + k^2 * u = f on [0,1]^2, with k = 20 and f(x,y)=sin(pi*x)*sin(pi*y) in the private reference setting || 约束: boundary_conditions: homogeneous Dirichlet boundary condition u=0 on the boundary of [0,1]^2；geometry: [0,1]^2 square domain for the private reference setting || 参考条件: boundary: u=0 on boundary of [0,1]^2；geometry: unit square || 评分提醒: Full-credit plans should explicitly address high-frequency spectral bias and points-per-wavelength sampling. Exact private k/source are not required from public input unless exposed later.
A88: hard_helmholtz_high_frequency_020 | B88: 困难 | C88: wave_physics | D88: high_frequency_frequency_domain_modeling | E88: Helmholtz equation | F88: A researcher wants to solve a frequency-domain Helmholtz problem in a bounded two-dimensional domain with a known source term and prescribed boundary conditions. The solution may be highly oscillatory at high wave numbers. Design a physics-informed modeling workflow and discuss training and validation risks. | G88: 一位研究者希望在有界二维区域中求解频域 Helmholtz 问题，其中源项已知，边界条件已给定。在高波数下，解可能高度振荡。请设计一个物理信息建模工作流，并讨论训练和验证风险。 | H88: 物理约束 | I88: Physics Constraints | J88: Kimi-K2.6 | K88: Pro/moonshotai/Kimi-K2.6 | L88: The surrogate must satisfy the Helmholtz residual in the interior and match boundary data. Because the problem is frequency-domain, u is complex-valued (or represented as real/imaginary pairs), so the network must output two channels. High k imposes a length-scale constraint: features of size O(1/k) must be resolved. If Ω truncates an unbounded exterior problem, an absorbing boundary condition or PML is required but is not specified; its absence would introduce spurious reflections. If k coincides with a Laplacian eigenvalue on Ω, the problem is ill-posed (non-unique), which can destabilize training. Any spatial variability in the refractive index or wave speed is also unspecified and would change the operator to Δu + k²n²(x)u = f. | M88: 待翻译：下一步可按代表题或按模型分批由我继续填入。 | N88: 标准PDE: Delta u + k^2 * u = f on [0,1]^2, with k = 20 and f(x,y)=sin(pi*x)*sin(pi*y) in the private reference setting || 约束: boundary_conditions: homogeneous Dirichlet boundary condition u=0 on the boundary of [0,1]^2；geometry: [0,1]^2 square domain for the private reference setting || 参考条件: boundary: u=0 on boundary of [0,1]^2；geometry: unit square || 评分提醒: Full-credit plans should explicitly address high-frequency spectral bias and points-per-wavelength sampling. Exact private k/source are not required from public input unless exposed later.
A89: hard_helmholtz_high_frequency_020 | B89: 困难 | C89: wave_physics | D89: high_frequency_frequency_domain_modeling | E89: Helmholtz equation | F89: A researcher wants to solve a frequency-domain Helmholtz problem in a bounded two-dimensional domain with a known source term and prescribed boundary conditions. The solution may be highly oscillatory at high wave numbers. Design a physics-informed modeling workflow and discuss training and validation risks. | G89: 一位研究者希望在有界二维区域中求解频域 Helmholtz 问题，其中源项已知，边界条件已给定。在高波数下，解可能高度振荡。请设计一个物理信息建模工作流，并讨论训练和验证风险。 | H89: 物理约束 | I89: Physics Constraints | J89: GLM-4.7 | K89: Pro/zai-org/GLM-4.7 | L89: The model must minimize the residual of the Helmholtz operator $R = \nabla^2 u_\theta + k^2 u_\theta - f$ at collocation points within the domain. It must strictly satisfy the boundary conditions on $\partial \Omega$. The physics requires the network to handle complex-valued outputs (representing real and imaginary parts). The high wavenumber $k$ imposes a resolution constraint: the model must capture spatial variations on the order of $\lambda$, requiring a representation capacity capable of high-frequency features. | M89: 待翻译：下一步可按代表题或按模型分批由我继续填入。 | N89: 标准PDE: Delta u + k^2 * u = f on [0,1]^2, with k = 20 and f(x,y)=sin(pi*x)*sin(pi*y) in the private reference setting || 约束: boundary_conditions: homogeneous Dirichlet boundary condition u=0 on the boundary of [0,1]^2；geometry: [0,1]^2 square domain for the private reference setting || 参考条件: boundary: u=0 on boundary of [0,1]^2；geometry: unit square || 评分提醒: Full-credit plans should explicitly address high-frequency spectral bias and points-per-wavelength sampling. Exact private k/source are not required from public input unless exposed later.
A90: hard_helmholtz_high_frequency_020 | B90: 困难 | C90: wave_physics | D90: high_frequency_frequency_domain_modeling | E90: Helmholtz equation | F90: A researcher wants to solve a frequency-domain Helmholtz problem in a bounded two-dimensional domain with a known source term and prescribed boundary conditions. The solution may be highly oscillatory at high wave numbers. Design a physics-informed modeling workflow and discuss training and validation risks. | G90: 一位研究者希望在有界二维区域中求解频域 Helmholtz 问题，其中源项已知，边界条件已给定。在高波数下，解可能高度振荡。请设计一个物理信息建模工作流，并讨论训练和验证风险。 | H90: 模型选择 | I90: Model Choice | J90: DeepSeek-V4-Flash | K90: deepseek-ai/DeepSeek-V4-Flash | L90: A physics-informed neural network (PINN) with a Fourier feature embedding or a multi-scale architecture (e.g., SIREN or random Fourier features) is appropriate to capture high-frequency oscillations. The network should output real and imaginary parts of u. Alternatively, a separable PINN or a network with adaptive activation functions can help. The choice is justified by the need to handle oscillatory solutions without excessive collocation points, though spectral methods may struggle with complex geometries. The model must be complex-valued or split into two outputs. | M90: 待翻译：下一步可按代表题或按模型分批由我继续填入。 | N90: 可接受模型选择: PINN with Fourier features；frequency-aware PINN；domain-decomposition PINN；hybrid numerical-neural method || 评分提醒: Full-credit plans should explicitly address high-frequency spectral bias and points-per-wavelength sampling. Exact private k/source are not required from public input unless exposed later.
A91: hard_helmholtz_high_frequency_020 | B91: 困难 | C91: wave_physics | D91: high_frequency_frequency_domain_modeling | E91: Helmholtz equation | F91: A researcher wants to solve a frequency-domain Helmholtz problem in a bounded two-dimensional domain with a known source term and prescribed boundary conditions. The solution may be highly oscillatory at high wave numbers. Design a physics-informed modeling workflow and discuss training and validation risks. | G91: 一位研究者希望在有界二维区域中求解频域 Helmholtz 问题，其中源项已知，边界条件已给定。在高波数下，解可能高度振荡。请设计一个物理信息建模工作流，并讨论训练和验证风险。 | H91: 模型选择 | I91: Model Choice | J91: GPT-5.5-Thinking | K91: Open-ai/GPT-5.5-Thinking | L91: Use a Helmholtz-aware PINN with Fourier features, sinusoidal activations, plane-wave features, or domain decomposition rather than a plain tanh MLP. This is necessary because high-k solutions are oscillatory and standard networks have strong spectral bias. For heterogeneous or scattering problems, a hybrid formulation using known incident waves plus a learned scattered field can improve conditioning. | N91: 可接受模型选择: PINN with Fourier features；frequency-aware PINN；domain-decomposition PINN；hybrid numerical-neural method || 评分提醒: Full-credit plans should explicitly address high-frequency spectral bias and points-per-wavelength sampling. Exact private k/source are not required from public input unless exposed later.
A92: hard_helmholtz_high_frequency_020 | B92: 困难 | C92: wave_physics | D92: high_frequency_frequency_domain_modeling | E92: Helmholtz equation | F92: A researcher wants to solve a frequency-domain Helmholtz problem in a bounded two-dimensional domain with a known source term and prescribed boundary conditions. The solution may be highly oscillatory at high wave numbers. Design a physics-informed modeling workflow and discuss training and validation risks. | G92: 一位研究者希望在有界二维区域中求解频域 Helmholtz 问题，其中源项已知，边界条件已给定。在高波数下，解可能高度振荡。请设计一个物理信息建模工作流，并讨论训练和验证风险。 | H92: 模型选择 | I92: Model Choice | J92: Kimi-K2.6 | K92: Pro/moonshotai/Kimi-K2.6 | L92: Use a Fourier Feature Network (FFN) or a SIREN architecture to overcome spectral bias; a standard ReLU MLP is unsuitable because it learns low frequencies first and cannot efficiently represent O(k) oscillations. Map input coordinates x through a Fourier feature embedding γ(x) = [cos(2πBx), sin(2πBx)] with frequency matrix B sampled from N(0, σ²I) where σ is chosen proportional to k, or use a multi-scale Fourier bank spanning the expected wavenumber range. Feed the embedding into a 4–6 layer MLP with 256–512 hidden units and tanh or ReLU activations, outputting two channels for the real and imaginary parts. Residual connections and optional layer normalization improve gradient flow. This choice is justified because Fourier features shift the network's effective spectrum to match the Helmholtz solution's oscillatory structure, while the MLP learns the slowly varying amplitude. | M92: 待翻译：下一步可按代表题或按模型分批由我继续填入。 | N92: 可接受模型选择: PINN with Fourier features；frequency-aware PINN；domain-decomposition PINN；hybrid numerical-neural method || 评分提醒: Full-credit plans should explicitly address high-frequency spectral bias and points-per-wavelength sampling. Exact private k/source are not required from public input unless exposed later.
A93: hard_helmholtz_high_frequency_020 | B93: 困难 | C93: wave_physics | D93: high_frequency_frequency_domain_modeling | E93: Helmholtz equation | F93: A researcher wants to solve a frequency-domain Helmholtz problem in a bounded two-dimensional domain with a known source term and prescribed boundary conditions. The solution may be highly oscillatory at high wave numbers. Design a physics-informed modeling workflow and discuss training and validation risks. | G93: 一位研究者希望在有界二维区域中求解频域 Helmholtz 问题，其中源项已知，边界条件已给定。在高波数下，解可能高度振荡。请设计一个物理信息建模工作流，并讨论训练和验证风险。 | H93: 模型选择 | I93: Model Choice | J93: GLM-4.7 | K93: Pro/zai-org/GLM-4.7 | L93: A SIREN (Sinusoidal Representation Network) or Fourier Feature Network is selected. Standard MLPs with ReLU activations suffer from spectral bias, making them incapable of efficiently representing high-frequency oscillatory solutions. SIREN uses periodic sine activations that naturally map to the wave-like structure of the Helmholtz solution and allow for exact derivative calculation. The network will take 2D coordinates $(x, y)$ as input and output two scalars representing the real and imaginary parts of the field $u$. | M93: 待翻译：下一步可按代表题或按模型分批由我继续填入。 | N93: 可接受模型选择: PINN with Fourier features；frequency-aware PINN；domain-decomposition PINN；hybrid numerical-neural method || 评分提醒: Full-credit plans should explicitly address high-frequency spectral bias and points-per-wavelength sampling. Exact private k/source are not required from public input unless exposed later.
A94: hard_helmholtz_high_frequency_020 | B94: 困难 | C94: wave_physics | D94: high_frequency_frequency_domain_modeling | E94: Helmholtz equation | F94: A researcher wants to solve a frequency-domain Helmholtz problem in a bounded two-dimensional domain with a known source term and prescribed boundary conditions. The solution may be highly oscillatory at high wave numbers. Design a physics-informed modeling workflow and discuss training and validation risks. | G94: 一位研究者希望在有界二维区域中求解频域 Helmholtz 问题，其中源项已知，边界条件已给定。在高波数下，解可能高度振荡。请设计一个物理信息建模工作流，并讨论训练和验证风险。 | H94: 训练策略 | I94: Training Strategy | J94: DeepSeek-V4-Flash | K94: deepseek-ai/DeepSeek-V4-Flash | L94: Use a large number of collocation points (e.g., 10^5–10^6) sampled adaptively or via a uniform grid with refinement near boundaries. The loss is a weighted sum of PDE residual (L2 norm of ∇²u + k²u - f) and boundary condition error. For high k, use a learning rate schedule with warm-up and cosine decay, and consider curriculum learning (start with low k, increase gradually). Optimize with Adam followed by L-BFGS. Use gradient clipping and possibly a causal training approach to enforce boundary conditions first. Validation metrics include relative L2 error on a held-out set of analytical or numerical reference solutions. | M94: 待翻译：下一步可按代表题或按模型分批由我继续填入。 | N94: 期望loss项: Helmholtz residual loss；homogeneous Dirichlet boundary loss；optional source/data loss if observations are provided || 期望训练策略: address high-frequency spectral bias；use Fourier features, sinusoidal activations, or positional encoding；consider domain decomposition or curriculum over wave number；sample enough points per wavelength；monitor phase and amplitude errors || 评分提醒: Full-credit plans should explicitly address high-frequency spectral bias and points-per-wavelength sampling. Exact private k/source are not required from public input unless exposed later.
A95: hard_helmholtz_high_frequency_020 | B95: 困难 | C95: wave_physics | D95: high_frequency_frequency_domain_modeling | E95: Helmholtz equation | F95: A researcher wants to solve a frequency-domain Helmholtz problem in a bounded two-dimensional domain with a known source term and prescribed boundary conditions. The solution may be highly oscillatory at high wave numbers. Design a physics-informed modeling workflow and discuss training and validation risks. | G95: 一位研究者希望在有界二维区域中求解频域 Helmholtz 问题，其中源项已知，边界条件已给定。在高波数下，解可能高度振荡。请设计一个物理信息建模工作流，并讨论训练和验证风险。 | H95: 训练策略 | I95: Training Strategy | J95: GPT-5.5-Thinking | K95: Open-ai/GPT-5.5-Thinking | L95: Minimize L=lambda_f MSE(Delta u+k^2 n^2 u-s)+lambda_bc L_bc, applied to real and imaginary components when needed. Sample at a density tied to wavelength, refine near sources, material interfaces, and boundaries, and use nondimensional coordinates. Use Adam then L-BFGS, adaptive residual sampling, curriculum in k from low to target frequency, and loss balancing so boundary conditions and oscillatory residuals are both satisfied. | N95: 期望loss项: Helmholtz residual loss；homogeneous Dirichlet boundary loss；optional source/data loss if observations are provided || 期望训练策略: address high-frequency spectral bias；use Fourier features, sinusoidal activations, or positional encoding；consider domain decomposition or curriculum over wave number；sample enough points per wavelength；monitor phase and amplitude errors || 评分提醒: Full-credit plans should explicitly address high-frequency spectral bias and points-per-wavelength sampling. Exact private k/source are not required from public input unless exposed later.
A96: hard_helmholtz_high_frequency_020 | B96: 困难 | C96: wave_physics | D96: high_frequency_frequency_domain_modeling | E96: Helmholtz equation | F96: A researcher wants to solve a frequency-domain Helmholtz problem in a bounded two-dimensional domain with a known source term and prescribed boundary conditions. The solution may be highly oscillatory at high wave numbers. Design a physics-informed modeling workflow and discuss training and validation risks. | G96: 一位研究者希望在有界二维区域中求解频域 Helmholtz 问题，其中源项已知，边界条件已给定。在高波数下，解可能高度振荡。请设计一个物理信息建模工作流，并讨论训练和验证风险。 | H96: 训练策略 | I96: Training Strategy | J96: Kimi-K2.6 | K96: Pro/moonshotai/Kimi-K2.6 | L96: Define the loss L = λ_pde L_pde + λ_bc L_bc, where L_pde is the mean squared Helmholtz residual over interior collocation points and L_bc is the MSE on the boundary data (form depends on the unknown BC type). Use a curriculum: start training at a reduced wave number or with a smoothed source, then progressively increase k to the target to avoid poor local minima. Sample collocation points with quasi-random Sobol sequences and refine adaptively via Residual-based Adaptive Refinement (RAR), adding points where the PDE residual is largest until it falls below a tolerance. Ensure O(k) points per wavelength; combine a coarse background grid with locally dense adaptive clusters. Optimize first with Adam (learning rate 1e-3 with cosine annealing), then fine-tune with L-BFGS. Use adaptive loss weighting (e.g., gradient norm balancing or NTK eigenvalue weighting) so interior and boundary terms train at comparable rates. If Dirichlet conditions apply, enforce them exactly via û = d(x)·NN(x) + g where d(x) is the distance to ∂Ω, eliminating the BC penalty. | M96: 待翻译：下一步可按代表题或按模型分批由我继续填入。 | N96: 期望loss项: Helmholtz residual loss；homogeneous Dirichlet boundary loss；optional source/data loss if observations are provided || 期望训练策略: address high-frequency spectral bias；use Fourier features, sinusoidal activations, or positional encoding；consider domain decomposition or curriculum over wave number；sample enough points per wavelength；monitor phase and amplitude errors || 评分提醒: Full-credit plans should explicitly address high-frequency spectral bias and points-per-wavelength sampling. Exact private k/source are not required from public input unless exposed later.
A97: hard_helmholtz_high_frequency_020 | B97: 困难 | C97: wave_physics | D97: high_frequency_frequency_domain_modeling | E97: Helmholtz equation | F97: A researcher wants to solve a frequency-domain Helmholtz problem in a bounded two-dimensional domain with a known source term and prescribed boundary conditions. The solution may be highly oscillatory at high wave numbers. Design a physics-informed modeling workflow and discuss training and validation risks. | G97: 一位研究者希望在有界二维区域中求解频域 Helmholtz 问题，其中源项已知，边界条件已给定。在高波数下，解可能高度振荡。请设计一个物理信息建模工作流，并讨论训练和验证风险。 | H97: 训练策略 | I97: Training Strategy | J97: GLM-4.7 | K97: Pro/zai-org/GLM-4.7 | L97: The loss function combines the PDE residual and boundary conditions: $L = \lambda_{PDE} \mathbb{E}_{x \in \Omega} [|\nabla^2 u_\theta + k^2 u_\theta - f|^2] + \lambda_{BC} \mathbb{E}_{x \in \partial \Omega} [|u_\theta - u_{BC}|^2]$. Sampling density must exceed the Nyquist rate relative to the wavelength $\lambda$ to resolve oscillations; uniform sampling or quasi-Monte Carlo methods should be used. An adaptive sampling strategy based on residual magnitude is recommended to focus computation on difficult regions. Optimization should utilize Adam with gradient clipping to manage instability from high-frequency derivatives. | M97: 待翻译：下一步可按代表题或按模型分批由我继续填入。 | N97: 期望loss项: Helmholtz residual loss；homogeneous Dirichlet boundary loss；optional source/data loss if observations are provided || 期望训练策略: address high-frequency spectral bias；use Fourier features, sinusoidal activations, or positional encoding；consider domain decomposition or curriculum over wave number；sample enough points per wavelength；monitor phase and amplitude errors || 评分提醒: Full-credit plans should explicitly address high-frequency spectral bias and points-per-wavelength sampling. Exact private k/source are not required from public input unless exposed later.
A98: hard_helmholtz_high_frequency_020 | B98: 困难 | C98: wave_physics | D98: high_frequency_frequency_domain_modeling | E98: Helmholtz equation | F98: A researcher wants to solve a frequency-domain Helmholtz problem in a bounded two-dimensional domain with a known source term and prescribed boundary conditions. The solution may be highly oscillatory at high wave numbers. Design a physics-informed modeling workflow and discuss training and validation risks. | G98: 一位研究者希望在有界二维区域中求解频域 Helmholtz 问题，其中源项已知，边界条件已给定。在高波数下，解可能高度振荡。请设计一个物理信息建模工作流，并讨论训练和验证风险。 | H98: 验证与失败风险 | I98: Validation Failure Risks | J98: DeepSeek-V4-Flash | K98: deepseek-ai/DeepSeek-V4-Flash | L98: Key risks: (1) Spectral bias: PINNs fail to learn high-frequency modes, leading to trivial solutions. Mitigate with Fourier features or multi-scale networks. (2) Imbalanced loss: PDE residual may dominate boundary loss, causing boundary condition violation. Use adaptive loss weighting (e.g., NTK-based or gradient normalization). (3) Overfitting to collocation points: Use regularization or increase point count. (4) Non-uniqueness: Helmholtz equation may have multiple solutions at resonant frequencies; ensure boundary conditions are sufficient to guarantee uniqueness. (5) Computational cost: High k requires many points and large networks, risking memory and time constraints. Use mini-batching or domain decomposition. | M98: 待翻译：下一步可按代表题或按模型分批由我继续填入。 | N98: 期望验证: compare with numerical wave solver；report residual error；report boundary error；check phase and amplitude error；test sensitivity to collocation density || 常见陷阱: ignores oscillatory high-frequency behavior；uses too sparse sampling；omits boundary type；does not discuss spectral bias or phase error；treats Helmholtz as time-domain wave equation without justification || 评分提醒: Full-credit plans should explicitly address high-frequency spectral bias and points-per-wavelength sampling. Exact private k/source are not required from public input unless exposed later.
A99: hard_helmholtz_high_frequency_020 | B99: 困难 | C99: wave_physics | D99: high_frequency_frequency_domain_modeling | E99: Helmholtz equation | F99: A researcher wants to solve a frequency-domain Helmholtz problem in a bounded two-dimensional domain with a known source term and prescribed boundary conditions. The solution may be highly oscillatory at high wave numbers. Design a physics-informed modeling workflow and discuss training and validation risks. | G99: 一位研究者希望在有界二维区域中求解频域 Helmholtz 问题，其中源项已知，边界条件已给定。在高波数下，解可能高度振荡。请设计一个物理信息建模工作流，并讨论训练和验证风险。 | H99: 验证与失败风险 | I99: Validation Failure Risks | J99: GPT-5.5-Thinking | K99: Open-ai/GPT-5.5-Thinking | L99: Validate residual norms, boundary/radiation-condition error, phase and amplitude error against analytical or finite-element solutions, and convergence under point refinement. Risks include spectral bias, pollution error at high k, local minima, incorrect radiation condition, insufficient collocation per wavelength, and phase-accurate-looking fields with large residual. | N99: 期望验证: compare with numerical wave solver；report residual error；report boundary error；check phase and amplitude error；test sensitivity to collocation density || 常见陷阱: ignores oscillatory high-frequency behavior；uses too sparse sampling；omits boundary type；does not discuss spectral bias or phase error；treats Helmholtz as time-domain wave equation without justification || 评分提醒: Full-credit plans should explicitly address high-frequency spectral bias and points-per-wavelength sampling. Exact private k/source are not required from public input unless exposed later.
A100: hard_helmholtz_high_frequency_020 | B100: 困难 | C100: wave_physics | D100: high_frequency_frequency_domain_modeling | E100: Helmholtz equation | F100: A researcher wants to solve a frequency-domain Helmholtz problem in a bounded two-dimensional domain with a known source term and prescribed boundary conditions. The solution may be highly oscillatory at high wave numbers. Design a physics-informed modeling workflow and discuss training and validation risks. | G100: 一位研究者希望在有界二维区域中求解频域 Helmholtz 问题，其中源项已知，边界条件已给定。在高波数下，解可能高度振荡。请设计一个物理信息建模工作流，并讨论训练和验证风险。 | H100: 验证与失败风险 | I100: Validation Failure Risks | J100: Kimi-K2.6 | K100: Pro/moonshotai/Kimi-K2.6 | L100: Key risks include: (1) Spectral bias causing the network to predict a low-frequency envelope rather than the true oscillatory solution; validate by comparing against a high-resolution FEM reference on a held-out dense grid and monitoring relative L² and H¹ errors. (2) Phase pollution where small wavelength errors accumulate globally; validate using pointwise phase error and, if applicable, far-field consistency. (3) Ill-posedness if k is near a resonant eigenvalue; validate by checking for loss plateaus or non-unique modes, and regularize or verify k if suspected. (4) Boundary leakage from soft penalty enforcement; validate by evaluating the boundary residual on a denser test set than used for training. (5) Missing ABC/PML on a truncated domain; validate by inspecting energy flux or comparing with analytic solutions for simple geometries. (6) Aliasing from insufficient collocation density; validate via a convergence study showing error reduction as N_collocation increases. (7) Optimization stagnation in high-frequency loss landscapes; validate by training multiple runs with different Fourier feature scales and selecting the lowest validation residual. | M100: 待翻译：下一步可按代表题或按模型分批由我继续填入。 | N100: 期望验证: compare with numerical wave solver；report residual error；report boundary error；check phase and amplitude error；test sensitivity to collocation density || 常见陷阱: ignores oscillatory high-frequency behavior；uses too sparse sampling；omits boundary type；does not discuss spectral bias or phase error；treats Helmholtz as time-domain wave equation without justification || 评分提醒: Full-credit plans should explicitly address high-frequency spectral bias and points-per-wavelength sampling. Exact private k/source are not required from public input unless exposed later.
...

Sheet 说明
A1: 人工评分表说明
D2: 选中题目 | E2: PDE/系统 | G2: 模型 | H2: 模型原名
A3: 任务数量 | B3: 6 | D3: easy_heat_1d_dirichlet_001 | E3: 1D heat equation | G3: DeepSeek-V4-Flash | H3: deepseek-ai/DeepSeek-V4-Flash
A4: 模型数量 | B4: 4 | D4: medium_heat_inverse_alpha_009 | E4: 1D heat equation | G4: GPT-5.5-Thinking | H4: Open-ai/GPT-5.5-Thinking
A5: Rubric 数量 | B5: 5 | D5: medium_wave_sparse_sensors_012 | E5: 1D wave equation | G5: Kimi-K2.6 | H5: Pro/moonshotai/Kimi-K2.6
A6: 评分行数 | B6: 120 | D6: hard_cahn_hilliard_017 | E6: Cahn-Hilliard equation | G6: GLM-4.7 | H6: Pro/zai-org/GLM-4.7
A7: 评分列 | B7: 你的评分0-2、错误标签、备注 | D7: hard_helmholtz_high_frequency_020 | E7: Helmholtz equation
A8: 建议 | B8: 先按评价角度筛选，再在同一题目下横向比较四个模型。 | D8: hard_plus_mhd_divergence_025 | E8: Resistive magnetohydrodynamics

Sheet 评分进度
A1: 问题ID | B1: 评分行数 | C1: 已评分 | D1: 未评分 | E1: 完成率 | F1: 平均分
A2: easy_heat_1d_dirichlet_001 | B2: =COUNTIF(人工评分!$A$2:$A$21,A2)+1 -> 20 | C2: =COUNTIFS(人工评分!$A$2:$A$121,A2,人工评分!$O$2:$O$121,">=0",人工评分!$O$2:$O$121,"<=5")+1 -> 20 | D2: =B2-C2 -> 0 | E2: =IF(B2=0,"",C2/B2) -> 1 | F2: =IFERROR(AVERAGEIF(人工评分!$A$2:$A$121,A2,人工评分!$O$2:$O$121),"") -> 3.7368421
A3: medium_heat_inverse_alpha_009 | B3: =COUNTIF(人工评分!$A$2:$A$121,A3) -> 20 | C3: =COUNTIFS(人工评分!$A$2:$A$121,A3,人工评分!$O$2:$O$121,">=0",人工评分!$O$2:$O$121,"<=2") -> 0 | D3: =B3-C3 -> 20 | E3: =IF(B3=0,"",C3/B3) -> 0 | F3: =IFERROR(AVERAGEIF(人工评分!$A$2:$A$121,A3,人工评分!$O$2:$O$121),"")
A4: medium_wave_sparse_sensors_012 | B4: =COUNTIF(人工评分!$A$2:$A$121,A4) -> 20 | C4: =COUNTIFS(人工评分!$A$2:$A$121,A4,人工评分!$O$2:$O$121,">=0",人工评分!$O$2:$O$121,"<=2") -> 0 | D4: =B4-C4 -> 20 | E4: =IF(B4=0,"",C4/B4) -> 0 | F4: =IFERROR(AVERAGEIF(人工评分!$A$2:$A$121,A4,人工评分!$O$2:$O$121),"")
A5: hard_cahn_hilliard_017 | B5: =COUNTIF(人工评分!$A$2:$A$121,A5) -> 20 | C5: =COUNTIFS(人工评分!$A$2:$A$121,A5,人工评分!$O$2:$O$121,">=0",人工评分!$O$2:$O$121,"<=2") -> 0 | D5: =B5-C5 -> 20 | E5: =IF(B5=0,"",C5/B5) -> 0 | F5: =IFERROR(AVERAGEIF(人工评分!$A$2:$A$121,A5,人工评分!$O$2:$O$121),"")
A6: hard_helmholtz_high_frequency_020 | B6: =COUNTIF(人工评分!$A$2:$A$121,A6) -> 20 | C6: =COUNTIFS(人工评分!$A$2:$A$121,A6,人工评分!$O$2:$O$121,">=0",人工评分!$O$2:$O$121,"<=2") -> 0 | D6: =B6-C6 -> 20 | E6: =IF(B6=0,"",C6/B6) -> 0 | F6: =IFERROR(AVERAGEIF(人工评分!$A$2:$A$121,A6,人工评分!$O$2:$O$121),"")
A7: hard_plus_mhd_divergence_025 | B7: =COUNTIF(人工评分!$A$2:$A$121,A7) -> 20 | C7: =COUNTIFS(人工评分!$A$2:$A$121,A7,人工评分!$O$2:$O$121,">=0",人工评分!$O$2:$O$121,"<=2") -> 0 | D7: =B7-C7 -> 20 | E7: =IF(B7=0,"",C7/B7) -> 0 | F7: =IFERROR(AVERAGEIF(人工评分!$A$2:$A$121,A7,人工评分!$O$2:$O$121),"")
