Workbook

Sheet 人工评分
A1: 任务ID | B1: 难度 | C1: 领域 | D1: 任务类型 | E1: PDE/系统 | F1: 题面英文 | G1: 评价角度 | H1: 评价角度英文 | I1: Facet ID | J1: 模型 | K1: 模型原名 | L1: 模型回答 | M1: 你的评分0-5 | N1: 错误标签 | O1: 备注 | P1: 初步评分标准0-5
A2: easy_heat_1d_dirichlet_001 | B2: easy | C2: heat_transfer | D2: forward_pde_solving | E2: 1D heat equation | F2: A researcher wants to model heat diffusion along a one-dimensional rod over a fixed time interval. The thermal diffusivity is known, the initial temperature profile is provided, and both ends of the rod are held at prescribed fixed temperatures. Design a physics-informed modeling workflow to approximate the temperature field. | G2: 问题形式化 | H2: Problem Formalization | I2: problem_formalization | J2: DeepSeek-V4-Flash | K2: deepseek-ai/DeepSeek-V4-Flash | L2: The problem is to approximate the temperature field u(x,t) on a 1D spatial domain [0,L] and time interval [0,T], governed by the heat equation ∂u/∂t = α ∂²u/∂x², where α is the known thermal diffusivity. The initial condition u(x,0) = f(x) is given, and Dirichlet boundary conditions u(0,t)=T0, u(L,t)=TL are prescribed. The geometry (L), time interval (T), and specific values of α, f(x), T0, TL are not provided; these must be specified to fully define the problem. | M2: 5 | P2: 5
A3: easy_heat_1d_dirichlet_001 | B3: easy | C3: heat_transfer | D3: forward_pde_solving | E3: 1D heat equation | F3: A researcher wants to model heat diffusion along a one-dimensional rod over a fixed time interval. The thermal diffusivity is known, the initial temperature profile is provided, and both ends of the rod are held at prescribed fixed temperatures. Design a physics-informed modeling workflow to approximate the temperature field. | G3: 问题形式化 | H3: Problem Formalization | I3: problem_formalization | J3: Kimi-K2.6 | K3: Pro/moonshotai/Kimi-K2.6 | L3: Governing PDE: $u_t = \alpha u_{xx}$ on $x \in (0,L)$, $t \in (0,T]$, with known thermal diffusivity $\alpha$, prescribed initial profile $u(x,0)=u_0(x)$, and Dirichlet boundaries $u(0,t)=g_0(t)$, $u(L,t)=g_L(t)$. Numerical values for $\alpha$, $L$, $T$, $u_0$, $g_0$, and $g_L$ are treated as user inputs; they are described as known but not explicitly listed in the task. No source term is mentioned, so the equation is assumed homogeneous. No observational sensor data are indicated, defaulting the workflow to a pure physics-driven approximation, though a data-fidelity term can be added if measurements become available. | M3: 5 | P3: 5
A4: easy_heat_1d_dirichlet_001 | B4: easy | C4: heat_transfer | D4: forward_pde_solving | E4: 1D heat equation | F4: A researcher wants to model heat diffusion along a one-dimensional rod over a fixed time interval. The thermal diffusivity is known, the initial temperature profile is provided, and both ends of the rod are held at prescribed fixed temperatures. Design a physics-informed modeling workflow to approximate the temperature field. | G4: 问题形式化 | H4: Problem Formalization | I4: problem_formalization | J4: GLM-4.7 | K4: Pro/zai-org/GLM-4.7 | L4: The objective is to approximate the temperature field $u(x,t)$ for a 1D rod defined on a spatial domain $x \in [0, L]$ and time interval $t \in [0, T]$. The inputs to the model are the spatial coordinate $x$ and time $t$, and the output is the predicted temperature. The thermal diffusivity $\alpha$ is a known constant parameter. | M4: 4 | P4: 4
A5: easy_heat_1d_dirichlet_001 | B5: easy | C5: heat_transfer | D5: forward_pde_solving | E5: 1D heat equation | F5: A researcher wants to model heat diffusion along a one-dimensional rod over a fixed time interval. The thermal diffusivity is known, the initial temperature profile is provided, and both ends of the rod are held at prescribed fixed temperatures. Design a physics-informed modeling workflow to approximate the temperature field. | G5: 物理约束 | H5: Physics Constraints | I5: physics_constraints | J5: DeepSeek-V4-Flash | K5: deepseek-ai/DeepSeek-V4-Flash | L5: The solution must satisfy the heat equation (PDE residual ≈ 0), the initial condition at t=0, and the Dirichlet boundary conditions at x=0 and x=L. These constraints are enforced as soft penalties in the loss function. No additional constraints (e.g., flux continuity, energy conservation) are required unless specified. | M5: 4 | P5: 4
A6: easy_heat_1d_dirichlet_001 | B6: easy | C6: heat_transfer | D6: forward_pde_solving | E6: 1D heat equation | F6: A researcher wants to model heat diffusion along a one-dimensional rod over a fixed time interval. The thermal diffusivity is known, the initial temperature profile is provided, and both ends of the rod are held at prescribed fixed temperatures. Design a physics-informed modeling workflow to approximate the temperature field. | G6: 物理约束 | H6: Physics Constraints | I6: physics_constraints | J6: Kimi-K2.6 | K6: Pro/moonshotai/Kimi-K2.6 | L6: The interior residual $u_t - \alpha u_{xx}$ must vanish. Dirichlet and initial conditions uniquely determine the solution for this parabolic problem. The maximum principle bounds the solution by extrema on the parabolic boundary and serves as a post-hoc sanity check. Because the rod length $L$ and time horizon $T$ are not numerically specified, their values must be supplied to define the computational domain before sampling. The task states diffusivity is known but does not confirm it is spatially uniform; if $\alpha$ varies in $x$, the residual must be updated to $\partial_t u - \partial_x(\alpha(x)\partial_x u)=0$. | M6: 5 | P6: 4
A7: easy_heat_1d_dirichlet_001 | B7: easy | C7: heat_transfer | D7: forward_pde_solving | E7: 1D heat equation | F7: A researcher wants to model heat diffusion along a one-dimensional rod over a fixed time interval. The thermal diffusivity is known, the initial temperature profile is provided, and both ends of the rod are held at prescribed fixed temperatures. Design a physics-informed modeling workflow to approximate the temperature field. | G7: 物理约束 | H7: Physics Constraints | I7: physics_constraints | J7: GLM-4.7 | K7: Pro/zai-org/GLM-4.7 | L7: The system is governed by the 1D Heat Equation: $\frac{\partial u}{\partial t} - \alpha \frac{\partial^2 u}{\partial x^2} = 0$. The constraints include the Initial Condition (IC): $u(x, 0) = u_{init}(x)$, and Dirichlet Boundary Conditions (BCs) at both ends: $u(0, t) = T_{left}$ and $u(L, t) = T_{right}$. | M7: 3 | P7: 4
A8: easy_heat_1d_dirichlet_001 | B8: easy | C8: heat_transfer | D8: forward_pde_solving | E8: 1D heat equation | F8: A researcher wants to model heat diffusion along a one-dimensional rod over a fixed time interval. The thermal diffusivity is known, the initial temperature profile is provided, and both ends of the rod are held at prescribed fixed temperatures. Design a physics-informed modeling workflow to approximate the temperature field. | G8: 模型选择 | H8: Model Choice | I8: model_choice | J8: DeepSeek-V4-Flash | K8: deepseek-ai/DeepSeek-V4-Flash | L8: A physics-informed neural network (PINN) is appropriate because it can incorporate the PDE, initial condition, and boundary conditions directly into the loss function without requiring a mesh or labeled data. The network takes (x,t) as inputs and outputs u(x,t). A fully connected feedforward network with 4-6 hidden layers, 50-100 neurons per layer, and tanh activation is a standard choice for smooth diffusion problems. This model fits the PDE type (parabolic), available constraints (IC, BCs), and expected smooth solution. | M8: 5 | P8: 5
A9: easy_heat_1d_dirichlet_001 | B9: easy | C9: heat_transfer | D9: forward_pde_solving | E9: 1D heat equation | F9: A researcher wants to model heat diffusion along a one-dimensional rod over a fixed time interval. The thermal diffusivity is known, the initial temperature profile is provided, and both ends of the rod are held at prescribed fixed temperatures. Design a physics-informed modeling workflow to approximate the temperature field. | G9: 模型选择 | H9: Model Choice | I9: model_choice | J9: Kimi-K2.6 | K9: Pro/moonshotai/Kimi-K2.6 | L9: A fully connected physics-informed neural network (PINN) with inputs $(x,t)$ and scalar output $\hat{u}(x,t)$, using tanh activations in 4–6 hidden layers of 50–100 neurons. Tanh is chosen because the heat equation admits smooth solutions and its derivatives are well-behaved. To avoid soft-penalty balancing issues, enforce the Dirichlet and initial conditions architecturally via $\hat{u}(x,t) = u_b(x,t) + x(L-x)t \, \text{NN}(x,t)$, where $u_b$ is a smooth lifting function matching the prescribed BCs and IC. If $u_0$ is incompatible with $g_0(0)$ or $g_L(0)$ at the corners, a smoothed lifting function or soft-penalty fallback is required. | M9: 5 | P9: 5
A10: easy_heat_1d_dirichlet_001 | B10: easy | C10: heat_transfer | D10: forward_pde_solving | E10: 1D heat equation | F10: A researcher wants to model heat diffusion along a one-dimensional rod over a fixed time interval. The thermal diffusivity is known, the initial temperature profile is provided, and both ends of the rod are held at prescribed fixed temperatures. Design a physics-informed modeling workflow to approximate the temperature field. | G10: 模型选择 | H10: Model Choice | I10: model_choice | J10: GLM-4.7 | K10: Pro/zai-org/GLM-4.7 | L10: A Fully Connected Neural Network (FCNN) with 4 hidden layers and 50 neurons per layer, utilizing $ anh$ activation functions. This architecture is chosen for its ability to approximate smooth solutions of parabolic PDEs effectively and its compatibility with automatic differentiation for calculating physics-based residuals. | M10: 3 | P10: 4
A11: easy_heat_1d_dirichlet_001 | B11: easy | C11: heat_transfer | D11: forward_pde_solving | E11: 1D heat equation | F11: A researcher wants to model heat diffusion along a one-dimensional rod over a fixed time interval. The thermal diffusivity is known, the initial temperature profile is provided, and both ends of the rod are held at prescribed fixed temperatures. Design a physics-informed modeling workflow to approximate the temperature field. | G11: 训练策略 | H11: Training Strategy | I11: training_strategy | J11: DeepSeek-V4-Flash | K11: deepseek-ai/DeepSeek-V4-Flash | L11: The loss function is L = λ_PDE * L_PDE + λ_IC * L_IC + λ_BC * L_BC, where L_PDE is the mean squared residual of the heat equation at collocation points sampled in the domain, L_IC is the MSE of the predicted vs. given initial profile at t=0, and L_BC is the MSE at the boundaries. Collocation points are sampled using Latin hypercube or random sampling, with higher density near boundaries and initial time if gradients are steep. The weights λ can be fixed or adaptively tuned (e.g., using gradient normalization). Optimizer: Adam with learning rate 1e-3, followed by L-BFGS for fine-tuning. Training proceeds until loss plateaus. | M11: 5 | P11: 5
A12: easy_heat_1d_dirichlet_001 | B12: easy | C12: heat_transfer | D12: forward_pde_solving | E12: 1D heat equation | F12: A researcher wants to model heat diffusion along a one-dimensional rod over a fixed time interval. The thermal diffusivity is known, the initial temperature profile is provided, and both ends of the rod are held at prescribed fixed temperatures. Design a physics-informed modeling workflow to approximate the temperature field. | G12: 训练策略 | H12: Training Strategy | I12: training_strategy | J12: Kimi-K2.6 | K12: Pro/moonshotai/Kimi-K2.6 | L12: Minimize $\mathcal{L} = \mathcal{L}_{\text{pde}} + \lambda_{\text{bc}}\mathcal{L}_{\text{bc}} + \lambda_{\text{ic}}\mathcal{L}_{\text{ic}}$, where each term is the mean squared error on collocation points for the interior residual, boundaries, and initial line. Sample collocation points uniformly or via Latin Hypercube Sampling over the space-time cylinder, after normalizing $x$ and $t$ to $[0,1]$. Train first with Adam (learning rate $10^{-3}$ with decay) for several thousand iterations, then refine with L-BFGS. If soft constraints are used instead of exact architectural enforcement, initialize $\lambda_{\text{bc}}, \lambda_{\text{ic}} \gg 1$ or employ NTK-based adaptive weighting. Validate against a fine finite-difference or spectral reference solution; monitor relative $L^2$ error and maximum-principle compliance. | M12: 4 | P12: 5
A13: easy_heat_1d_dirichlet_001 | B13: easy | C13: heat_transfer | D13: forward_pde_solving | E13: 1D heat equation | F13: A researcher wants to model heat diffusion along a one-dimensional rod over a fixed time interval. The thermal diffusivity is known, the initial temperature profile is provided, and both ends of the rod are held at prescribed fixed temperatures. Design a physics-informed modeling workflow to approximate the temperature field. | G13: 训练策略 | H13: Training Strategy | I13: training_strategy | J13: GLM-4.7 | K13: Pro/zai-org/GLM-4.7 | L13: The loss function is a weighted sum: $L = L_{PDE} + \lambda_{IC} L_{IC} + \lambda_{BC} L_{BC}$. $L_{PDE}$ is the MSE of the residual evaluated on collocation points sampled via Latin Hypercube Sampling (LHS) over the domain. $L_{IC}$ and $L_{BC}$ enforce the prescribed initial and boundary states. Optimization will use the Adam algorithm for the first 1000 iterations, followed by the L-BFGS-B optimizer for rapid convergence to a high-precision solution. | M13: 4 | P13: 5
... A91: hard_plus_mhd_divergence_025 | B91: hard_plus | C91: magnetohydrodynamics | D91: coupled_divergence_free_field_modeling | E91: Resistive magnetohydrodynamics | F91: A plasma physics team wants to model a two-dimensional resistive magnetohydrodynamics system with coupled velocity and magnetic fields from governing equations and optional sparse observations. The workflow should avoid nonphysical field configurations while coupling fluid momentum and magnetic induction. Design a physics-informed modeling workflow for the coupled fields. | G91: 验证与失败风险 | H91: Validation Failure Risks | I91: validation_failure_risks | J91: GLM-4.7 | K91: Pro/zai-org/GLM-4.7 | L91: Primary risks include: 1) Divergence drift if the vector potential formulation is numerically unstable; 2) Optimization stagnation due to the stiffness of MHD equations (disparate time scales of Alfv\u00e9n waves and resistive diffusion); 3) Ill-posedness where sparse data fails to constrain the solution, leading to overfitting to noise or unphysical modes; 4) Sensitivity to the assumed boundary conditions if they do not match the physical reality. | M91: 4.5 | P91: 5

Sheet 说明
A1: PIM-PlanBench 人工评分表 v0.2
D2: 选中题目 | E2: PDE/系统
A3: Public tasks | B3: dataset/tasks_public_v0.3.jsonl | D3: easy_heat_1d_dirichlet_001 | E3: 1D heat equation
A4: Private references | B4: dataset/references_private_v0.3.jsonl | D4: medium_heat_inverse_alpha_009 | E4: 1D heat equation
A5: Prompt setting | B5: canonical_v0.3 | D5: medium_wave_sparse_sensors_012 | E5: 1D wave equation
A6: Rubric | B6: docs/rubric_v0.3.md | D6: hard_cahn_hilliard_017 | E6: Cahn-Hilliard equation
A7: Score scale | B7: 0-5 per facet; 25 points per task | D7: hard_helmholtz_high_frequency_020 | E7: Helmholtz equation
A8: 任务数量 | B8: 6 | D8: hard_plus_mhd_divergence_025 | E8: Resistive magnetohydrodynamics
A9: 模型数量 | B9: 3
A10: 评分行数 | B10: 90 | D10: 模型 | E10: 模型原名 | F10: Normalized file
D11: DeepSeek-V4-Flash | E11: deepseek-ai/DeepSeek-V4-Flash | F11: runs/pilot_v0.3/normalized/deepseek-ai_DeepSeek-V4-Flash__canonical_v0.3.jsonl
A12: 0 | B12: 缺失、错误或无法评分 | D12: Kimi-K2.6 | E12: Pro/moonshotai/Kimi-K2.6 | F12: runs/pilot_v0.3/normalized/Pro_moonshotai_Kimi-K2.6__canonical_v0.3.jsonl
A13: 1 | B13: 有少量相关内容但关键缺陷明显 | D13: GLM-4.7 | E13: Pro/zai-org/GLM-4.7 | F13: runs/pilot_v0.3/normalized/Pro_zai-org_GLM-4.7__canonical_v0.3.jsonl
A14: 2 | B14: 方向部分正确但遗漏重要要点
A15: 3 | B15: 基本正确，仍偏通用或不完整
A16: 4 | B16: 较完整、任务贴合，有少量缺失
A17: 5 | B17: 完整、准确、任务特异、可执行，并正确处理缺失信息
A18: 空白 | B18: 尚未人工评分

Sheet 评分进度
A1: 任务ID | B1: 评分行数 | C1: 已评分 | D1: 未评分 | E1: 完成率 | F1: 平均分
A2: easy_heat_1d_dirichlet_001 | B2: =COUNTIF(人工评分!$A$2:$A$91,A2) -> 15 | C2: =SUMPRODUCT((人工评分!$A$2:$A$91=A2)*ISNUMBER(人工评分!$M$2:$M$91)*(人工评分!$M$2:$M$91>=0)*(人工评分!$M$2:$M$91<=5)) -> 15 | D2: =B2-C2 -> 0 | E2: =IF(B2=0,"",C2/B2) -> 1 | F2: =IF(C2=0,"",SUMPRODUCT((人工评分!$A$2:$A$91=A2)*ISNUMBER(人工评分!$M$2:$M$91)*人工评分!$M$2:$M$91)/C2) -> 4.3333333
A3: medium_heat_inverse_alpha_009 | B3: =COUNTIF(人工评分!$A$2:$A$91,A3) -> 15 | C3: =SUMPRODUCT((人工评分!$A$2:$A$91=A3)*ISNUMBER(人工评分!$M$2:$M$91)*(人工评分!$M$2:$M$91>=0)*(人工评分!$M$2:$M$91<=5)) -> 15 | D3: =B3-C3 -> 0 | E3: =IF(B3=0,"",C3/B3) -> 1 | F3: =IF(C3=0,"",SUMPRODUCT((人工评分!$A$2:$A$91=A3)*ISNUMBER(人工评分!$M$2:$M$91)*人工评分!$M$2:$M$91)/C3) -> 4.1
A4: medium_wave_sparse_sensors_012 | B4: =COUNTIF(人工评分!$A$2:$A$91,A4) -> 15 | C4: =SUMPRODUCT((人工评分!$A$2:$A$91=A4)*ISNUMBER(人工评分!$M$2:$M$91)*(人工评分!$M$2:$M$91>=0)*(人工评分!$M$2:$M$91<=5)) -> 15 | D4: =B4-C4 -> 0 | E4: =IF(B4=0,"",C4/B4) -> 1 | F4: =IF(C4=0,"",SUMPRODUCT((人工评分!$A$2:$A$91=A4)*ISNUMBER(人工评分!$M$2:$M$91)*人工评分!$M$2:$M$91)/C4) -> 3.9666667
A5: hard_cahn_hilliard_017 | B5: =COUNTIF(人工评分!$A$2:$A$91,A5) -> 15 | C5: =SUMPRODUCT((人工评分!$A$2:$A$91=A5)*ISNUMBER(人工评分!$M$2:$M$91)*(人工评分!$M$2:$M$91>=0)*(人工评分!$M$2:$M$91<=5)) -> 15 | D5: =B5-C5 -> 0 | E5: =IF(B5=0,"",C5/B5) -> 1 | F5: =IF(C5=0,"",SUMPRODUCT((人工评分!$A$2:$A$91=A5)*ISNUMBER(人工评分!$M$2:$M$91)*人工评分!$M$2:$M$91)/C5) -> 4.2333333
A6: hard_helmholtz_high_frequency_020 | B6: =COUNTIF(人工评分!$A$2:$A$91,A6) -> 15 | C6: =SUMPRODUCT((人工评分!$A$2:$A$91=A6)*ISNUMBER(人工评分!$M$2:$M$91)*(人工评分!$M$2:$M$91>=0)*(人工评分!$M$2:$M$91<=5)) -> 15 | D6: =B6-C6 -> 0 | E6: =IF(B6=0,"",C6/B6) -> 1 | F6: =IF(C6=0,"",SUMPRODUCT((人工评分!$A$2:$A$91=A6)*ISNUMBER(人工评分!$M$2:$M$91)*人工评分!$M$2:$M$91)/C6) -> 4.3
A7: hard_plus_mhd_divergence_025 | B7: =COUNTIF(人工评分!$A$2:$A$91,A7) -> 15 | C7: =SUMPRODUCT((人工评分!$A$2:$A$91=A7)*ISNUMBER(人工评分!$M$2:$M$91)*(人工评分!$M$2:$M$91>=0)*(人工评分!$M$2:$M$91<=5)) -> 15 | D7: =B7-C7 -> 0 | E7: =IF(B7=0,"",C7/B7) -> 1 | F7: =IF(C7=0,"",SUMPRODUCT((人工评分!$A$2:$A$91=A7)*ISNUMBER(人工评分!$M$2:$M$91)*人工评分!$M$2:$M$91)/C7) -> 4.4333333
