Workbook

Sheet 人工评分
A1: 任务ID | B1: 难度 | C1: 领域 | D1: 任务类型 | E1: PDE/系统 | F1: 题面英文 | G1: 评价角度 | H1: 评价角度英文 | I1: Facet ID | J1: 模型 | K1: 模型原名 | L1: 模型回答 | M1: 私有参考要点 | N1: 评分标准0-5 | O1: 你的评分0-5 | P1: 错误标签 | Q1: 备注 | R1: 初步评分参考
A2: easy_poisson_2d_source_003 | B2: easy | C2: potential_fields | D2: forward_pde_solving | E2: 2D Poisson equation | F2: A researcher wants to solve a two-dimensional Poisson problem on a rectangular domain. The source term is known, and Dirichlet boundary values are prescribed on the boundary. Design a physics-informed modeling workflow to approximate the scalar field. | G2: 问题形式化 | H2: Problem Formalization | I2: problem_formalization | J2: DeepSeek-V4-Flash | K2: deepseek-ai/DeepSeek-V4-Flash | L2: The problem is to solve the 2D Poisson equation ∇²u = f(x,y) on a rectangular domain Ω = [a,b]×[c,d] with known source term f and Dirichlet boundary conditions u = g(x,y) on ∂Ω. The goal is to approximate the scalar field u(x,y) using a physics-informed model. The domain geometry and boundary conditions are fully specified, but the exact functional forms of f and g are not provided; they are assumed known for the workflow. | M2: 关键点: identifies a 2D elliptic Poisson boundary-value problem; states scalar field u(x,y) as unknown; recognizes source term is known; states source term and sign convention explicitly 变量: x; y; u(x,y) 已知参数: f(x,y)=2*pi^2*sin(pi*x)*sin(pi*y) 未知量: u(x,y) 域/参数: space: (x,y) in [0,1]^2 | time: not applicable source: 2*pi^2*sin(pi*x)*sin(pi*y) Facet cap rules: answer gives only a generic PINN workflow without task-specific residuals, constraints, or risks => max 3. Generic correctness should not receive full credit in a task-specific planning benchmark.; confuses Poisson with Laplace by dropping the source => max 2. The source term is central to the task.; adds a time dimension or IC => max 2. This is a steady elliptic problem. | N2: 0=无可用形式化；1=只复述题面；2=识别部分变量/目标但有重大遗漏；3=基本正确但不完整；4=明确区分未知量、已知量、数据、域和任务目标；5=完整精确，并在不编造条件的前提下标出缺失规格。 | O2: 4.5 | R2: 5
A3: easy_poisson_2d_source_003 | B3: easy | C3: potential_fields | D3: forward_pde_solving | E3: 2D Poisson equation | F3: A researcher wants to solve a two-dimensional Poisson problem on a rectangular domain. The source term is known, and Dirichlet boundary values are prescribed on the boundary. Design a physics-informed modeling workflow to approximate the scalar field. | G3: 问题形式化 | H3: Problem Formalization | I3: problem_formalization | J3: Kimi-K2.6 | K3: Pro/moonshotai/Kimi-K2.6 | L3: Define the boundary-value problem ∇²u = f on a rectangular domain Ω ⊂ ℝ² with u = g on ∂Ω, where f is the known source term and g prescribes Dirichlet values. Domain extents, the explicit functional forms of f and g, and any coefficient fields are unspecified; they must be provided as callable functions or discrete data to instantiate the workflow. The target is a surrogate u_θ(x,y) that maps coordinates to the scalar field. | M3: 关键点: identifies a 2D elliptic Poisson boundary-value problem; states scalar field u(x,y) as unknown; recognizes source term is known; states source term and sign convention explicitly 变量: x; y; u(x,y) 已知参数: f(x,y)=2*pi^2*sin(pi*x)*sin(pi*y) 未知量: u(x,y) 域/参数: space: (x,y) in [0,1]^2 | time: not applicable source: 2*pi^2*sin(pi*x)*sin(pi*y) Facet cap rules: answer gives only a generic PINN workflow without task-specific residuals, constraints, or risks => max 3. Generic correctness should not receive full credit in a task-specific planning benchmark.; confuses Poisson with Laplace by dropping the source => max 2. The source term is central to the task.; adds a time dimension or IC => max 2. This is a steady elliptic problem. | N3: 0=无可用形式化；1=只复述题面；2=识别部分变量/目标但有重大遗漏；3=基本正确但不完整；4=明确区分未知量、已知量、数据、域和任务目标；5=完整精确，并在不编造条件的前提下标出缺失规格。 | O3: 5 | R3: 5
A4: easy_poisson_2d_source_003 | B4: easy | C4: potential_fields | D4: forward_pde_solving | E4: 2D Poisson equation | F4: A researcher wants to solve a two-dimensional Poisson problem on a rectangular domain. The source term is known, and Dirichlet boundary values are prescribed on the boundary. Design a physics-informed modeling workflow to approximate the scalar field. | G4: 问题形式化 | H4: Problem Formalization | I4: problem_formalization | J4: GLM-4.7 | K4: Pro/zai-org/GLM-4.7 | L4: The objective is to approximate the scalar field $u(x, y)$ satisfying the Poisson equation $\nabla^2 u = f(x, y)$ on a rectangular domain $\Omega = [x_{min}, x_{max}] \times [y_{min}, y_{max}]$. The solution must satisfy Dirichlet boundary conditions $u = g(x, y)$ on $\partial \Omega$. Specific details missing from the prompt include the explicit functional form of the source term $f(x, y)$, the boundary function $g(x, y)$, and the specific dimensions of the rectangle. The workflow will treat these as generic inputs to be defined by the user prior to execution. | M4: 关键点: identifies a 2D elliptic Poisson boundary-value problem; states scalar field u(x,y) as unknown; recognizes source term is known; states source term and sign convention explicitly 变量: x; y; u(x,y) 已知参数: f(x,y)=2*pi^2*sin(pi*x)*sin(pi*y) 未知量: u(x,y) 域/参数: space: (x,y) in [0,1]^2 | time: not applicable source: 2*pi^2*sin(pi*x)*sin(pi*y) Facet cap rules: answer gives only a generic PINN workflow without task-specific residuals, constraints, or risks => max 3. Generic correctness should not receive full credit in a task-specific planning benchmark.; confuses Poisson with Laplace by dropping the source => max 2. The source term is central to the task.; adds a time dimension or IC => max 2. This is a steady elliptic problem. | N4: 0=无可用形式化；1=只复述题面；2=识别部分变量/目标但有重大遗漏；3=基本正确但不完整；4=明确区分未知量、已知量、数据、域和任务目标；5=完整精确，并在不编造条件的前提下标出缺失规格。 | O4: 5 | R4: 5
A5: easy_poisson_2d_source_003 | B5: easy | C5: potential_fields | D5: forward_pde_solving | E5: 2D Poisson equation | F5: A researcher wants to solve a two-dimensional Poisson problem on a rectangular domain. The source term is known, and Dirichlet boundary values are prescribed on the boundary. Design a physics-informed modeling workflow to approximate the scalar field. | G5: 物理约束 | H5: Physics Constraints | I5: physics_constraints | J5: DeepSeek-V4-Flash | K5: deepseek-ai/DeepSeek-V4-Flash | L5: The model must satisfy the Poisson equation ∇²u - f = 0 in Ω and the Dirichlet condition u - g = 0 on ∂Ω. These are enforced as soft constraints via loss terms. No additional physical constraints (e.g., conservation laws, symmetry) are specified. The PDE is elliptic, so the solution is smooth given smooth f and g. | M5: 关键点: includes Poisson residual with source term; includes Dirichlet boundary enforcement; does not introduce time or initial conditions; enforces Poisson residual with correct source term and sign Canonical PDE: -Delta u(x,y) = f(x,y), with f(x,y)=2*pi^2*sin(pi*x)*sin(pi*y) 约束: boundary_conditions: u(x,y)=0 on the boundary of [0,1]^2 参考条件: boundary: u=0 on all sides of [0,1]^2 Facet cap rules: answer gives only a generic PINN workflow without task-specific residuals, constraints, or risks => max 3. Generic correctness should not receive full credit in a task-specific planning benchmark.; confuses Poisson with Laplace by dropping the source => max 2. The source term is central to the task.; adds a time dimension or IC => max 2. This is a steady elliptic problem. | N5: 0=遗漏或写错核心物理约束；1=只泛泛说满足 PDE；2=包含部分约束但漏 IC/BC/观测/特殊约束；3=主要 residual 与条件基本正确；4=明确给出 residual、作用区域、IC/BC/观测和物理假设；5=进一步识别兼容性、守恒、散度、变系数、正则性等任务特异要求。 | O5: 4.5 | R5: 4
A6: easy_poisson_2d_source_003 | B6: easy | C6: potential_fields | D6: forward_pde_solving | E6: 2D Poisson equation | F6: A researcher wants to solve a two-dimensional Poisson problem on a rectangular domain. The source term is known, and Dirichlet boundary values are prescribed on the boundary. Design a physics-informed modeling workflow to approximate the scalar field. | G6: 物理约束 | H6: Physics Constraints | I6: physics_constraints | J6: Kimi-K2.6 | K6: Pro/moonshotai/Kimi-K2.6 | L6: Enforce the Poisson residual ∇²u_θ − f = 0 at interior collocation points and the Dirichlet condition u_θ = g on the boundary. Because the problem is elliptic, the interior solution is entirely determined by the boundary data and source; there are no initial conditions or convective fluxes. If the source or boundary data lacks regularity (e.g., discontinuities or corners), the classical solution assumption may fail and must be regularized or treated with enriched basis functions. | M6: 关键点: includes Poisson residual with source term; includes Dirichlet boundary enforcement; does not introduce time or initial conditions; enforces Poisson residual with correct source term and sign Canonical PDE: -Delta u(x,y) = f(x,y), with f(x,y)=2*pi^2*sin(pi*x)*sin(pi*y) 约束: boundary_conditions: u(x,y)=0 on the boundary of [0,1]^2 参考条件: boundary: u=0 on all sides of [0,1]^2 Facet cap rules: answer gives only a generic PINN workflow without task-specific residuals, constraints, or risks => max 3. Generic correctness should not receive full credit in a task-specific planning benchmark.; confuses Poisson with Laplace by dropping the source => max 2. The source term is central to the task.; adds a time dimension or IC => max 2. This is a steady elliptic problem. | N6: 0=遗漏或写错核心物理约束；1=只泛泛说满足 PDE；2=包含部分约束但漏 IC/BC/观测/特殊约束；3=主要 residual 与条件基本正确；4=明确给出 residual、作用区域、IC/BC/观测和物理假设；5=进一步识别兼容性、守恒、散度、变系数、正则性等任务特异要求。 | O6: 5 | R6: 5
A7: easy_poisson_2d_source_003 | B7: easy | C7: potential_fields | D7: forward_pde_solving | E7: 2D Poisson equation | F7: A researcher wants to solve a two-dimensional Poisson problem on a rectangular domain. The source term is known, and Dirichlet boundary values are prescribed on the boundary. Design a physics-informed modeling workflow to approximate the scalar field. | G7: 物理约束 | H7: Physics Constraints | I7: physics_constraints | J7: GLM-4.7 | K7: Pro/zai-org/GLM-4.7 | L7: The model must satisfy the governing PDE constraint: $\frac{\partial^2 u}{\partial x^2} + \frac{\partial^2 u}{\partial y^2} - f(x, y) = 0$ at all interior collocation points. Additionally, the solution must strictly adhere to the Dirichlet boundary condition constraint: $u(x, y) - g(x, y) = 0$ for all points on the domain boundary. The solution is expected to be continuous and twice differentiable within the domain. | M7: 关键点: includes Poisson residual with source term; includes Dirichlet boundary enforcement; does not introduce time or initial conditions; enforces Poisson residual with correct source term and sign Canonical PDE: -Delta u(x,y) = f(x,y), with f(x,y)=2*pi^2*sin(pi*x)*sin(pi*y) 约束: boundary_conditions: u(x,y)=0 on the boundary of [0,1]^2 参考条件: boundary: u=0 on all sides of [0,1]^2 Facet cap rules: answer gives only a generic PINN workflow without task-specific residuals, constraints, or risks => max 3. Generic correctness should not receive full credit in a task-specific planning benchmark.; confuses Poisson with Laplace by dropping the source => max 2. The source term is central to the task.; adds a time dimension or IC => max 2. This is a steady elliptic problem. | N7: 0=遗漏或写错核心物理约束；1=只泛泛说满足 PDE；2=包含部分约束但漏 IC/BC/观测/特殊约束；3=主要 residual 与条件基本正确；4=明确给出 residual、作用区域、IC/BC/观测和物理假设；5=进一步识别兼容性、守恒、散度、变系数、正则性等任务特异要求。 | O7: 3.5 | R7: 3
A8: easy_poisson_2d_source_003 | B8: easy | C8: potential_fields | D8: forward_pde_solving | E8: 2D Poisson equation | F8: A researcher wants to solve a two-dimensional Poisson problem on a rectangular domain. The source term is known, and Dirichlet boundary values are prescribed on the boundary. Design a physics-informed modeling workflow to approximate the scalar field. | G8: 模型选择 | H8: Model Choice | I8: model_choice | J8: DeepSeek-V4-Flash | K8: deepseek-ai/DeepSeek-V4-Flash | L8: A fully-connected neural network (NN) with 4-6 hidden layers and 50-100 neurons per layer is suitable. The NN takes (x,y) as input and outputs u_θ(x,y). This choice is justified because: (1) the domain is rectangular and low-dimensional, (2) no observational data is available, only PDE and BC constraints, (3) NNs are universal approximators and can be trained via automatic differentiation to satisfy the PDE. Activation functions like tanh or Swish are preferred for smoothness. The model is simple and avoids overfitting due to the physics-informed loss. | M8: 关键点: chooses a PINN/neural field for an elliptic PDE; states sign convention or handles it consistently 可接受模型: PINN; physics-informed neural network; standard neural field with PDE residual Facet cap rules: answer gives only a generic PINN workflow without task-specific residuals, constraints, or risks => max 3. Generic correctness should not receive full credit in a task-specific planning benchmark. | N8: 0=无合适模型；1=泛称 NN/PINN；2=模型可行但理由弱；3=模型类别、输入输出和基本理由正确；4=架构与 PDE 类型、数据、导数、约束和正/反问题匹配；5=能针对高频、刚性、守恒、多尺度、复杂几何或可辨识性做任务感知选择。 | O8: 4.5 | R8: 4
A9: easy_poisson_2d_source_003 | B9: easy | C9: potential_fields | D9: forward_pde_solving | E9: 2D Poisson equation | F9: A researcher wants to solve a two-dimensional Poisson problem on a rectangular domain. The source term is known, and Dirichlet boundary values are prescribed on the boundary. Design a physics-informed modeling workflow to approximate the scalar field. | G9: 模型选择 | H9: Model Choice | I9: model_choice | J9: Kimi-K2.6 | K9: Pro/moonshotai/Kimi-K2.6 | L9: Use a fully-connected neural network (PINN) with 3–5 hidden layers of 32–64 neurons and a smooth activation (tanh or sinusoidal). A coordinate-input architecture (x,y) → u_θ is appropriate because the domain is low-dimensional and static. If the rectangular domain is axis-aligned, optionally multiply the network output by a smooth distance function to the boundary so that u_θ exactly satisfies Dirichlet conditions, removing the need for a soft boundary penalty. Fourier feature embeddings can be added if high-frequency content in f or g is suspected. | M9: 关键点: chooses a PINN/neural field for an elliptic PDE; states sign convention or handles it consistently 可接受模型: PINN; physics-informed neural network; standard neural field with PDE residual Facet cap rules: answer gives only a generic PINN workflow without task-specific residuals, constraints, or risks => max 3. Generic correctness should not receive full credit in a task-specific planning benchmark. | N9: 0=无合适模型；1=泛称 NN/PINN；2=模型可行但理由弱；3=模型类别、输入输出和基本理由正确；4=架构与 PDE 类型、数据、导数、约束和正/反问题匹配；5=能针对高频、刚性、守恒、多尺度、复杂几何或可辨识性做任务感知选择。 | O9: 5 | R9: 5
A10: easy_poisson_2d_source_003 | B10: easy | C10: potential_fields | D10: forward_pde_solving | E10: 2D Poisson equation | F10: A researcher wants to solve a two-dimensional Poisson problem on a rectangular domain. The source term is known, and Dirichlet boundary values are prescribed on the boundary. Design a physics-informed modeling workflow to approximate the scalar field. | G10: 模型选择 | H10: Model Choice | I10: model_choice | J10: GLM-4.7 | K10: Pro/zai-org/GLM-4.7 | L10: A fully connected Multi-Layer Perceptron (MLP) is selected due to its ability to approximate continuous functions on rectangular domains effectively. The network will take 2D coordinates $(x, y)$ as input and output a scalar value $u$. Hyperbolic tangent (Tanh) or Swish activation functions are recommended to ensure smoothness required for calculating second-order derivatives. A standard architecture (e.g., 4 hidden layers with 50-100 neurons each) provides sufficient capacity for this elliptic problem without excessive computational cost. | M10: 关键点: chooses a PINN/neural field for an elliptic PDE; states sign convention or handles it consistently 可接受模型: PINN; physics-informed neural network; standard neural field with PDE residual Facet cap rules: answer gives only a generic PINN workflow without task-specific residuals, constraints, or risks => max 3. Generic correctness should not receive full credit in a task-specific planning benchmark. | N10: 0=无合适模型；1=泛称 NN/PINN；2=模型可行但理由弱；3=模型类别、输入输出和基本理由正确；4=架构与 PDE 类型、数据、导数、约束和正/反问题匹配；5=能针对高频、刚性、守恒、多尺度、复杂几何或可辨识性做任务感知选择。 | O10: 3.5 | R10: 3
A11: easy_poisson_2d_source_003 | B11: easy | C11: potential_fields | D11: forward_pde_solving | E11: 2D Poisson equation | F11: A researcher wants to solve a two-dimensional Poisson problem on a rectangular domain. The source term is known, and Dirichlet boundary values are prescribed on the boundary. Design a physics-informed modeling workflow to approximate the scalar field. | G11: 训练策略 | H11: Training Strategy | I11: training_strategy | J11: DeepSeek-V4-Flash | K11: deepseek-ai/DeepSeek-V4-Flash | L11: Loss function: L = λ_PDE * L_PDE + λ_BC * L_BC, where L_PDE = (1/N_PDE) Σ (∇²u_θ - f)² over collocation points in Ω, and L_BC = (1/N_BC) Σ (u_θ - g)² on boundary points. Use Latin hypercube or random sampling for N_PDE ≈ 10,000 interior points and N_BC ≈ 500 boundary points. Optimizer: Adam with learning rate 1e-3 for 10,000 iterations, then L-BFGS for fine-tuning. λ_PDE and λ_BC can be set to 1 initially or adaptively weighted. Use Xavier initialization and mini-batching if needed. Validation: monitor loss components and solution smoothness. | M11: 关键点: samples interior collocation points and all boundary sides; weights boundary loss adequately; normalizes coordinates or domain 期望 loss: Poisson residual loss; Dirichlet boundary loss; Poisson source residual loss 期望训练策略: sample interior collocation points; sample boundary points on all sides; state the sign convention for the Poisson equation; normalize coordinates Facet cap rules: answer gives only a generic PINN workflow without task-specific residuals, constraints, or risks => max 3. Generic correctness should not receive full credit in a task-specific planning benchmark. | N11: 0=无可用训练方案；1=只泛称训练/最小化误差；2=有部分 loss 但漏关键项；3=包含 PDE、IC/BC/数据 loss、采样和优化；4=含归一化、Adam+L-BFGS、loss balancing、稳定性或监控；5=针对刚性、高频、长时程、边界层、多尺度、inverse/noisy 等困难给出具体训练策略。 | O11: 4 | R11: 4
A12: easy_poisson_2d_source_003 | B12: easy | C12: potential_fields | D12: forward_pde_solving | E12: 2D Poisson equation | F12: A researcher wants to solve a two-dimensional Poisson problem on a rectangular domain. The source term is known, and Dirichlet boundary values are prescribed on the boundary. Design a physics-informed modeling workflow to approximate the scalar field. | G12: 训练策略 | H12: Training Strategy | I12: training_strategy | J12: Kimi-K2.6 | K12: Pro/moonshotai/Kimi-K2.6 | L12: Minimize the composite loss L = L_interior + λ L_boundary, where L_interior is the mean squared Poisson residual at collocation points and L_boundary is the MSE on boundary samples. Sample interior points via Latin Hypercube Sampling or a uniform mesh, and place boundary points densely on the four edges. Start with Adam (learning rate 1e−3, decay) for 20k–50k iterations, then switch to L-BFGS to tighten the residual. Set λ ≈ 1–100; if exact BC enforcement is not used, adapt λ via NTK weighting or gradient norm balancing. Monitor the PDE residual and boundary error separately. | M12: 关键点: samples interior collocation points and all boundary sides; weights boundary loss adequately; normalizes coordinates or domain 期望 loss: Poisson residual loss; Dirichlet boundary loss; Poisson source residual loss 期望训练策略: sample interior collocation points; sample boundary points on all sides; state the sign convention for the Poisson equation; normalize coordinates Facet cap rules: answer gives only a generic PINN workflow without task-specific residuals, constraints, or risks => max 3. Generic correctness should not receive full credit in a task-specific planning benchmark. | N12: 0=无可用训练方案；1=只泛称训练/最小化误差；2=有部分 loss 但漏关键项；3=包含 PDE、IC/BC/数据 loss、采样和优化；4=含归一化、Adam+L-BFGS、loss balancing、稳定性或监控；5=针对刚性、高频、长时程、边界层、多尺度、inverse/noisy 等困难给出具体训练策略。 | O12: 4.5 | R12: 5
A13: easy_poisson_2d_source_003 | B13: easy | C13: potential_fields | D13: forward_pde_solving | E13: 2D Poisson equation | F13: A researcher wants to solve a two-dimensional Poisson problem on a rectangular domain. The source term is known, and Dirichlet boundary values are prescribed on the boundary. Design a physics-informed modeling workflow to approximate the scalar field. | G13: 训练策略 | H13: Training Strategy | I13: training_strategy | J13: GLM-4.7 | K13: Pro/zai-org/GLM-4.7 | L13: The training minimizes a composite loss function $L = \lambda_{pde} L_{PDE} + \lambda_{bc} L_{BC}$. $L_{PDE}$ is the Mean Squared Error (MSE) of the PDE residual evaluated on $N_f$ collocation points sampled uniformly or via Latin Hypercube Sampling inside the domain. $L_{BC}$ is the MSE of the boundary condition error evaluated on $N_b$ points sampled on the rectangle edges. Optimization will proceed using the Adam optimizer for initial convergence, followed by the L-BFGS optimizer for high-precision refinement. Weights $\lambda$ may be dynamically adjusted if loss scales differ significantly. | M13: 关键点: samples interior collocation points and all boundary sides; weights boundary loss adequately; normalizes coordinates or domain 期望 loss: Poisson residual loss; Dirichlet boundary loss; Poisson source residual loss 期望训练策略: sample interior collocation points; sample boundary points on all sides; state the sign convention for the Poisson equation; normalize coordinates Facet cap rules: answer gives only a generic PINN workflow without task-specific residuals, constraints, or risks => max 3. Generic correctness should not receive full credit in a task-specific planning benchmark. | N13: 0=无可用训练方案；1=只泛称训练/最小化误差；2=有部分 loss 但漏关键项；3=包含 PDE、IC/BC/数据 loss、采样和优化；4=含归一化、Adam+L-BFGS、loss balancing、稳定性或监控；5=针对刚性、高频、长时程、边界层、多尺度、inverse/noisy 等困难给出具体训练策略。 | O13: 5 | R13: 4
... A91: hard_plus_euler_shock_023 | B91: hard_plus | C91: compressible_flow | D91: discontinuous_solution_modeling | E91: Compressible Euler equations with shocks | F91: A researcher wants to model a compressible inviscid flow initialized from piecewise states. Sharp fronts and contact-like structures may form, so the solution is not expected to remain smooth. Design a physics-informed modeling workflow for the density, momentum or velocity, and energy fields, including how the workflow should be trained and validated. | G91: 验证与失败风险 | H91: Validation Failure Risks | I91: validation_failure_risks | J91: GLM-4.7 | K91: Pro/zai-org/GLM-4.7 | L91: The primary risk is the 'Gibbs phenomenon,' where the continuous neural network approximation produces oscillations around the discontinuity. There is also a significant risk of converging to non-physical weak solutions (such as expansion shocks) if the entropy condition is not strictly enforced or weighted sufficiently. Furthermore, the network may smear the shock over a finite width rather than maintaining a sharp interface, and it may violate positivity constraints (predicting negative density or pressure) near strong gradients without specific architectural or loss modifications. | M91: 关键点: checks shock/contact location and speed; checks global and local conservation; checks Rankine-Hugoniot and entropy/admissibility; checks positivity and residual away from discontinuities 期望验证: shock and contact location error against analytical Riemann or numerical reference; shock speed and Rankine-Hugoniot consistency; global and local conservation error for mass, momentum, and energy; entropy/admissibility and positivity checks; residual away from discontinuities; not only global field MSE Failure traps: uses a generic smooth PINN without weak, integral, or conservative treatment; uses primitive variables only and never checks conservative variables; omits the energy equation or total-energy consistency; applies strong-form pointwise residual directly across discontinuities; reports only global MSE without shock location or conservation checks; ignores entropy, admissibility, density positivity, or pressure positivity; smooths shocks without discussing shock speed or Rankine-Hugoniot consistency 评分提醒: Public v0.3 intentionally does not name weak-form or finite-volume methods. Full-credit answers should infer that discontinuous Euler solutions require conservative weak-solution planning rather than generic smooth PINN residual fitting. Facet cap rules: answer gives only a generic PINN workflow without task-specific residuals, constraints, or risks => max 3. Generic correctness should not receive full credit in a task-specific planning benchmark.; uses standard smooth PINN without weak, integral, conservative, or shock-aware treatment => max 2. Smooth pointwise residual fitting is unreliable for discontinuous Euler solutions.; omits entropy/admissibility or positivity considerations => max 3. Shock solutions require physically admissible weak solutions, not just residual minimization.; validation reports only global MSE => max 3. Shock-aware validation must include conservation, shock location/speed, and admissibility checks. | N91: 0=无验证或风险分析；1=泛泛说检查精度；2=有部分验证但不任务特异；3=包含参考解/held-out/residual/IC-BC 检查和常见 PINN 风险；4=包含任务特异物理一致性指标与失败模式；5=深入说明不可验证内容、可辨识性、缺失条件、高频/守恒/散度/刚性等细节风险。 | O91: 4.5 | R91: 4

Sheet 说明
A1: PIM-PlanBench 随机抽样人工评分表 v0.3
D2: 选中题目 | E2: PDE/系统
A3: Public tasks | B3: dataset/tasks_public_v0.3.jsonl | D3: easy_poisson_2d_source_003 | E3: 2D Poisson equation
A4: Private references | B4: dataset/references_private_v0.3.jsonl | D4: easy_wave_1d_icbc_002 | E4: 1D wave equation
A5: Prompt setting | B5: canonical_v0.3 | D5: medium_periodic_advdiff_015 | E5: Periodic advection-diffusion equation
A6: Rubric | B6: docs/rubric_v0.3.md | D6: hard_plus_acoustic_scattering_maze_022 | E6: Acoustic scattering in maze-like geometry
A7: Score scale | B7: 0-5 per facet; 25 points per task | D7: hard_plus_rayleigh_benard_024 | E7: Rayleigh-Benard convection under Boussinesq approximation
A8: Auto score source | B8: scores/pilot_v0.3/3ModelOutput_scored.csv | D8: hard_plus_euler_shock_023 | E8: Compressible Euler equations with shocks
A9: Random seed | B9: 20260525
A10: Sampling note | B10: Random sample of 6 tasks from tasks_public_v0.3 excluding the previous selected set 001/009/012/017/020/025. | D10: 模型 | E10: 模型原名 | F10: Normalized file
A11: 任务数量 | B11: 6 | D11: DeepSeek-V4-Flash | E11: deepseek-ai/DeepSeek-V4-Flash | F11: runs/pilot_v0.3/normalized/deepseek-ai_DeepSeek-V4-Flash__canonical_v0.3.jsonl
A12: 0 | B12: 缺失、错误或无法评分 | D12: Kimi-K2.6 | E12: Pro/moonshotai/Kimi-K2.6 | F12: runs/pilot_v0.3/normalized/Pro_moonshotai_Kimi-K2.6__canonical_v0.3.jsonl
A13: 1 | B13: 有少量相关内容但关键缺陷明显 | D13: GLM-4.7 | E13: Pro/zai-org/GLM-4.7 | F13: runs/pilot_v0.3/normalized/Pro_zai-org_GLM-4.7__canonical_v0.3.jsonl
A14: 2 | B14: 方向部分正确但遗漏重要要点
A15: 3 | B15: 基本正确，仍偏通用或不完整
A16: 4 | B16: 较完整、任务贴合，有少量缺失
A17: 5 | B17: 完整、准确、任务特异、可执行，并正确处理缺失信息
A18: 空白 | B18: 尚未人工评分

Sheet 评分进度
A1: 任务ID | B1: 评分行数 | C1: 已评分 | D1: 未评分 | E1: 完成率 | F1: 平均分
A2: easy_poisson_2d_source_003 | B2: =COUNTIF(人工评分!$A$2:$A$91,A2) -> 15 | C2: =SUMPRODUCT((人工评分!$A$2:$A$91=A2)*ISNUMBER(人工评分!$O$2:$O$91)*(人工评分!$O$2:$O$91>=0)*(人工评分!$O$2:$O$91<=5)) -> 15 | D2: =B2-C2 -> 0 | E2: =IF(B2=0,"",C2/B2) -> 1 | F2: =IF(C2=0,"",SUMPRODUCT((人工评分!$A$2:$A$91=A2)*ISNUMBER(人工评分!$O$2:$O$91)*人工评分!$O$2:$O$91)/C2) -> 4.4666667
A3: easy_wave_1d_icbc_002 | B3: =COUNTIF(人工评分!$A$2:$A$91,A3) -> 15 | C3: =SUMPRODUCT((人工评分!$A$2:$A$91=A3)*ISNUMBER(人工评分!$O$2:$O$91)*(人工评分!$O$2:$O$91>=0)*(人工评分!$O$2:$O$91<=5)) -> 15 | D3: =B3-C3 -> 0 | E3: =IF(B3=0,"",C3/B3) -> 1 | F3: =IF(C3=0,"",SUMPRODUCT((人工评分!$A$2:$A$91=A3)*ISNUMBER(人工评分!$O$2:$O$91)*人工评分!$O$2:$O$91)/C3) -> 4.5333333
A4: medium_periodic_advdiff_015 | B4: =COUNTIF(人工评分!$A$2:$A$91,A4) -> 15 | C4: =SUMPRODUCT((人工评分!$A$2:$A$91=A4)*ISNUMBER(人工评分!$O$2:$O$91)*(人工评分!$O$2:$O$91>=0)*(人工评分!$O$2:$O$91<=5)) -> 15 | D4: =B4-C4 -> 0 | E4: =IF(B4=0,"",C4/B4) -> 1 | F4: =IF(C4=0,"",SUMPRODUCT((人工评分!$A$2:$A$91=A4)*ISNUMBER(人工评分!$O$2:$O$91)*人工评分!$O$2:$O$91)/C4) -> 4.5
A5: hard_plus_acoustic_scattering_maze_022 | B5: =COUNTIF(人工评分!$A$2:$A$91,A5) -> 15 | C5: =SUMPRODUCT((人工评分!$A$2:$A$91=A5)*ISNUMBER(人工评分!$O$2:$O$91)*(人工评分!$O$2:$O$91>=0)*(人工评分!$O$2:$O$91<=5)) -> 15 | D5: =B5-C5 -> 0 | E5: =IF(B5=0,"",C5/B5) -> 1 | F5: =IF(C5=0,"",SUMPRODUCT((人工评分!$A$2:$A$91=A5)*ISNUMBER(人工评分!$O$2:$O$91)*人工评分!$O$2:$O$91)/C5) -> 4.5666667
A6: hard_plus_rayleigh_benard_024 | B6: =COUNTIF(人工评分!$A$2:$A$91,A6) -> 15 | C6: =SUMPRODUCT((人工评分!$A$2:$A$91=A6)*ISNUMBER(人工评分!$O$2:$O$91)*(人工评分!$O$2:$O$91>=0)*(人工评分!$O$2:$O$91<=5)) -> 15 | D6: =B6-C6 -> 0 | E6: =IF(B6=0,"",C6/B6) -> 1 | F6: =IF(C6=0,"",SUMPRODUCT((人工评分!$A$2:$A$91=A6)*ISNUMBER(人工评分!$O$2:$O$91)*人工评分!$O$2:$O$91)/C6) -> 4.6333333
A7: hard_plus_euler_shock_023 | B7: =COUNTIF(人工评分!$A$2:$A$91,A7) -> 15 | C7: =SUMPRODUCT((人工评分!$A$2:$A$91=A7)*ISNUMBER(人工评分!$O$2:$O$91)*(人工评分!$O$2:$O$91>=0)*(人工评分!$O$2:$O$91<=5)) -> 15 | D7: =B7-C7 -> 0 | E7: =IF(B7=0,"",C7/B7) -> 1 | F7: =IF(C7=0,"",SUMPRODUCT((人工评分!$A$2:$A$91=A7)*ISNUMBER(人工评分!$O$2:$O$91)*人工评分!$O$2:$O$91)/C7) -> 4.5
